id,plataforma,usuario,timestamp,comentario
1,Instagram,user11,2025-06-13 15:07:08,Excelente post!
2,Instagram,user170,2025-06-27 14:33:29,"√ìtimas refer√™ncias e fontes, obrigada!"
3,Instagram,user132,2025-07-01 18:26:10,Incr√≠vel!
4,Instagram,user161,2025-06-17 03:02:37,"Exemplo muito pr√°tico, gostei!"
5,Instagram,user50,2025-06-07 16:29:23,Adorei!
6,Instagram,user218,2025-07-01 18:10:43,Boa dica!
7,Instagram,user164,2025-06-09 00:23:14,Pode explicar melhor?
8,Instagram,user282,2025-06-04 13:30:31,Adorei especialmente a forma como voc√™ explicou o t√≥pico.
9,Instagram,user150,2025-06-26 02:32:34,Muito bom üòä
10,Instagram,user174,2025-06-17 08:59:00,Incr√≠vel!
11,Instagram,user40,2025-06-12 10:23:53,Est√° √≥timo!
12,Instagram,user178,2025-06-21 13:26:55,Curti demais o formato de apresenta√ß√£o.
13,Instagram,user254,2025-06-23 19:30:20,Sensacional! Obrigado pelos insights.
14,Instagram,user229,2025-06-05 04:42:31,üëèüëèüëè
15,Instagram,user158,2025-06-04 21:28:32,Valeu pelas dicas!
16,Instagram,user22,2025-06-23 07:14:14,Muito bom üòä
17,Instagram,user119,2025-06-08 00:26:32,Conte√∫do relevante.
18,Instagram,user27,2025-06-22 21:19:42,Muito bom!
19,Instagram,user26,2025-06-29 22:26:42,Muito interessante.
20,Instagram,user270,2025-06-04 18:01:57,Valeu pelas dicas!
21,Instagram,user30,2025-06-16 15:56:15,Gostei da abordagem pr√°tica e exemplos reais.
22,Instagram,user266,2025-06-17 09:09:22,Incr√≠vel!
23,Instagram,user290,2025-06-04 16:09:54,Incr√≠vel post!
24,Instagram,user88,2025-06-14 21:20:49,Muito esclarecedor.
25,Instagram,user238,2025-06-18 23:54:06,Bem interessante.
26,Instagram,user45,2025-06-03 04:15:58,Obrigado!
27,Instagram,user108,2025-06-29 23:38:30,Valeu pelas dicas!
28,Instagram,user112,2025-06-15 03:10:45,Adorei especialmente a forma como voc√™ explicou o t√≥pico.
29,Instagram,user218,2025-06-08 21:38:54,Excelente uso de exemplos.
30,Instagram,user94,2025-06-22 08:36:00,Incr√≠vel post!
31,Instagram,user153,2025-06-16 03:15:11,Top!
32,Instagram,user78,2025-06-15 18:51:52,Perfeito!
33,Instagram,user299,2025-06-09 22:01:49,"Esse tutorial foi bem claro e objetivo, me ajudou muito."
34,Instagram,user222,2025-06-19 07:37:38,"Esse tutorial foi bem claro e objetivo, me ajudou muito."
35,Instagram,user2,2025-06-20 16:45:09,Parab√©ns pelo trabalho!
36,Instagram,user297,2025-06-08 04:25:32,Obrigado por compartilhar.
37,Instagram,user87,2025-06-28 04:50:57,Gostei da abordagem pr√°tica e exemplos reais.
38,Instagram,user286,2025-06-09 21:36:33,Est√° √≥timo!
39,Instagram,user293,2025-06-23 04:40:13,Muito interessante.
40,Instagram,user12,2025-06-28 09:51:37,Bacana!
41,Instagram,user184,2025-06-07 10:55:54,Bacana!
42,Instagram,user59,2025-06-20 14:59:33,"√ìtimas refer√™ncias e fontes, obrigada!"
43,Instagram,user288,2025-06-17 20:56:30,Obrigado!
44,Instagram,user11,2025-07-02 02:51:19,Sensacional!
45,Instagram,user189,2025-06-24 02:01:06,Curti!
46,Instagram,user67,2025-06-11 17:57:19,Obrigado por compartilhar.
47,Instagram,user146,2025-06-08 23:31:25,√ìtima informa√ß√£o.
48,Instagram,user212,2025-06-13 20:47:20,üëèüëèüëè
49,Instagram,user46,2025-06-04 21:31:15,Adorei!
50,Instagram,user269,2025-06-30 23:16:54,Legal demais.
51,Instagram,user1,2025-06-22 19:35:35,Excelente post!
52,Instagram,user129,2025-07-02 06:08:14,"√ìtimas refer√™ncias e fontes, obrigada!"
53,Instagram,user75,2025-06-28 06:29:05,Isso ajudou muito.
54,Instagram,user11,2025-07-01 06:47:02,Gostei bastante.
55,Instagram,user171,2025-06-08 00:35:06,Incr√≠vel post!
56,Instagram,user145,2025-06-26 13:23:44,#dica #aprendizado
57,Instagram,user215,2025-06-23 20:36:15,Muito interessante.
58,Instagram,user83,2025-06-26 11:40:45,Muito bom!
59,Instagram,user242,2025-06-10 04:31:55,Gostei da abordagem pr√°tica e exemplos reais.
60,Instagram,user155,2025-06-14 21:25:10,Amo o jeito que voc√™ aborda o assunto.
61,Instagram,user214,2025-06-27 02:31:26,Valeu pelas dicas!
62,Instagram,user81,2025-06-17 13:21:41,Show de bola!
63,Instagram,user252,2025-06-23 10:24:00,Legal demais.
64,Instagram,user296,2025-06-21 07:33:16,Conte√∫do relevante.
65,Instagram,user23,2025-06-21 07:47:10,Legal demais.
66,Instagram,user50,2025-06-15 09:59:25,Incr√≠vel post!
67,Instagram,user123,2025-06-08 22:22:06,Muito esclarecedor.
68,Instagram,user83,2025-06-08 01:02:09,Show de bola!
69,Instagram,user48,2025-06-07 12:56:21,Adorei!
70,Instagram,user122,2025-07-02 08:28:22,Curti demais o formato de apresenta√ß√£o.
71,Instagram,user122,2025-06-03 09:17:50,"√ìtimas refer√™ncias e fontes, obrigada!"
72,Instagram,user282,2025-06-03 08:12:23,Parab√©ns pelo trabalho!
73,Instagram,user175,2025-06-06 18:48:45,Muito bom üòä
74,Instagram,user71,2025-06-29 14:56:58,Muito bom üòä
75,Instagram,user90,2025-06-07 10:56:25,Me ajudou bastante.
76,Instagram,user48,2025-06-11 03:22:08,Perfeito!
77,Instagram,user203,2025-06-09 01:06:07,Curti demais o formato de apresenta√ß√£o.
78,Instagram,user91,2025-06-04 22:15:49,#incr√≠vel
79,Instagram,user118,2025-06-17 10:47:09,Que legal!
80,Instagram,user60,2025-06-10 05:18:21,Amo o jeito que voc√™ aborda o assunto.
81,Instagram,user167,2025-06-20 07:15:35,Isso ajudou muito.
82,Instagram,user234,2025-06-27 02:48:08,Pode explicar melhor?
83,Instagram,user24,2025-06-21 21:05:23,Me ajudou bastante.
84,Instagram,user173,2025-06-14 06:56:39,Curti!
85,Instagram,user152,2025-06-20 22:55:55,"Exemplo muito pr√°tico, gostei!"
86,Instagram,user273,2025-06-27 02:21:59,Sensacional! Obrigado pelos insights.
87,Instagram,user204,2025-06-06 10:58:33,Est√° √≥timo!
88,Instagram,user240,2025-06-12 02:03:33,Muito interessante.
89,Instagram,user46,2025-06-29 22:33:37,Qual ferramenta voc√™ usou?
90,Instagram,user80,2025-06-18 14:03:17,Obrigado!
91,Instagram,user159,2025-06-05 16:38:55,Super √∫til!
92,Instagram,user27,2025-06-04 16:13:32,Incr√≠vel post!
93,Instagram,user95,2025-06-28 12:49:59,Gostei da abordagem pr√°tica e exemplos reais.
94,Instagram,user170,2025-06-17 07:34:05,#incr√≠vel
95,Instagram,user281,2025-07-02 03:53:17,Bem interessante.
96,Instagram,user229,2025-06-16 20:07:22,Show de bola!
97,Instagram,user300,2025-06-12 08:36:16,Muito esclarecedor.
98,Instagram,user34,2025-06-13 16:36:53,Muito bom üòä
99,Instagram,user64,2025-06-16 21:08:55,Bacana!
100,Instagram,user173,2025-06-25 05:34:27,Obrigado!
101,Instagram,user60,2025-06-21 22:49:55,Isso ajudou muito.
102,Instagram,user196,2025-06-25 15:38:42,Valeu pelas dicas!
103,Instagram,user171,2025-06-06 09:23:04,Bem interessante.
104,Instagram,user134,2025-06-13 00:37:41,Muito bom üòä
105,Instagram,user136,2025-06-05 20:20:44,Est√° √≥timo!
106,Instagram,user98,2025-06-16 08:25:11,#dica #aprendizado
107,Instagram,user212,2025-06-13 10:58:57,Gostei da abordagem pr√°tica e exemplos reais.
108,Instagram,user271,2025-06-09 22:10:26,#dica #aprendizado
109,Instagram,user136,2025-06-15 20:27:27,"√ìtimas refer√™ncias e fontes, obrigada!"
110,Instagram,user82,2025-06-26 02:13:41,Muito esclarecedor.
111,Instagram,user272,2025-06-15 16:27:10,Incr√≠vel post!
112,Instagram,user176,2025-06-24 11:19:37,Legal demais.
113,Instagram,user198,2025-06-14 18:52:43,Pode explicar melhor?
114,Instagram,user143,2025-06-22 02:23:41,Muito bom üòä
115,Instagram,user25,2025-06-16 06:00:40,√ìtimo trabalho!
116,Instagram,user219,2025-06-11 06:40:28,"Exemplo muito pr√°tico, gostei!"
117,Instagram,user243,2025-06-30 00:05:57,Curti!
118,Instagram,user90,2025-06-18 04:31:04,Obrigado!
119,Instagram,user137,2025-06-06 21:19:57,Boa dica!
120,Instagram,user88,2025-06-20 03:11:45,Bem interessante.
121,Instagram,user162,2025-06-21 06:21:25,Que legal!
122,Instagram,user211,2025-06-23 03:34:40,Parab√©ns pelo trabalho!
123,Instagram,user194,2025-06-11 02:43:38,Bem interessante.
124,Instagram,user64,2025-06-30 17:07:42,Adorei!
125,Instagram,user182,2025-06-26 11:45:22,Muito interessante.
126,Instagram,user27,2025-06-07 16:34:03,Muito √∫til!
127,Instagram,user131,2025-07-02 12:45:46,Est√° √≥timo!
128,Instagram,user192,2025-06-18 17:07:55,Show de bola!
129,Instagram,user24,2025-06-27 06:38:12,"√ìtimas refer√™ncias e fontes, obrigada!"
130,Instagram,user127,2025-06-18 19:52:07,Bem interessante.
131,Instagram,user65,2025-06-07 05:13:50,Excelente post!
132,Instagram,user168,2025-06-15 01:15:09,Pode explicar melhor?
133,Instagram,user195,2025-07-01 07:20:45,Adorei especialmente a forma como voc√™ explicou o t√≥pico.
134,Instagram,user289,2025-06-10 18:32:35,Muito interessante.
135,Instagram,user4,2025-07-02 09:55:00,Perfeito!
136,Instagram,user202,2025-06-13 03:05:51,Gostaria de saber mais.
137,Instagram,user242,2025-06-30 09:00:29,"Achei esta parte confusa, pode revisar?"
138,Instagram,user131,2025-06-13 23:36:58,√ìtimo post!
139,Instagram,user58,2025-06-24 18:10:04,Agrade√ßo pelo post.
140,Instagram,user230,2025-06-20 11:21:13,√ìtima informa√ß√£o.
141,Instagram,user108,2025-06-05 23:31:12,Est√° √≥timo!
142,Instagram,user103,2025-06-19 04:32:11,Sensacional! Obrigado pelos insights.
143,Instagram,user291,2025-06-02 17:22:42,Muito interessante.
144,Instagram,user124,2025-06-24 19:05:26,Gostei da abordagem pr√°tica e exemplos reais.
145,Instagram,user42,2025-06-09 05:01:19,Excelente conte√∫do!
146,Instagram,user203,2025-06-30 21:20:14,Perfeito!
147,Instagram,user279,2025-06-13 15:53:00,Conte√∫do relevante.
148,Instagram,user161,2025-06-23 22:13:40,Pode explicar melhor?
149,Instagram,user179,2025-06-27 23:08:02,√ìtimo trabalho!
150,Instagram,user11,2025-06-27 13:51:05,√ìtima informa√ß√£o.
151,Instagram,user276,2025-06-15 18:50:03,Bacana!
152,Instagram,user129,2025-06-15 17:56:48,Parab√©ns pelo trabalho!
153,Instagram,user26,2025-07-02 13:15:22,Excelente post!
154,Instagram,user209,2025-06-13 09:41:33,Top!
155,Instagram,user93,2025-06-23 21:56:02,Agrade√ßo pelo post.
156,Instagram,user245,2025-06-06 20:55:21,Gostei bastante.
157,Instagram,user298,2025-06-11 10:52:06,Muito bom üòä
158,Instagram,user156,2025-06-21 06:21:50,Sensacional! Obrigado pelos insights.
159,Instagram,user42,2025-06-22 10:11:33,Obrigado por compartilhar.
160,Instagram,user267,2025-06-12 21:26:27,Sensacional mesmo!
161,Instagram,user185,2025-06-26 18:46:19,Top!
162,Instagram,user299,2025-06-24 11:44:42,Incr√≠vel post!
163,Instagram,user13,2025-06-30 04:00:17,Muito interessante.
164,Instagram,user93,2025-06-26 08:06:49,√ìtimo trabalho!
165,Instagram,user50,2025-06-30 10:22:17,Bem interessante.
166,Instagram,user142,2025-06-20 21:02:52,Sensacional mesmo!
167,Instagram,user21,2025-06-27 17:18:38,Sensacional mesmo!
168,Instagram,user222,2025-06-20 16:48:56,Muito esclarecedor.
169,Instagram,user296,2025-06-21 16:19:48,Excelente post!
170,Instagram,user128,2025-06-24 02:43:33,Boa dica!
171,Instagram,user163,2025-06-11 18:21:56,Valeu pelas dicas!
172,Instagram,user175,2025-06-05 18:04:19,Muito interessante.
173,Instagram,user18,2025-06-12 22:19:28,Excelente uso de exemplos.
174,Instagram,user105,2025-06-29 18:44:41,Isso ajudou muito.
175,Instagram,user284,2025-06-14 13:23:10,Muito bom üòä
176,Instagram,user60,2025-06-27 18:54:08,Incr√≠vel post!
177,Instagram,user169,2025-06-24 15:57:48,Valeu pelas dicas!
178,Instagram,user67,2025-06-20 16:18:26,Sensacional!
179,Instagram,user202,2025-06-18 23:22:52,Super √∫til!
180,Instagram,user58,2025-06-09 05:43:21,Sensacional! Obrigado pelos insights.
181,Instagram,user74,2025-06-24 02:49:09,Super √∫til!
182,Instagram,user204,2025-06-26 21:56:01,Excelente conte√∫do!
183,Instagram,user266,2025-06-26 21:15:34,#incr√≠vel
184,Instagram,user269,2025-06-15 15:01:10,Adorei!
185,Instagram,user235,2025-06-30 18:06:10,Sensacional!
186,Instagram,user54,2025-06-04 20:39:01,Show de bola!
187,Instagram,user8,2025-06-14 17:14:53,Super √∫til!
188,Instagram,user185,2025-06-13 15:04:54,Bem interessante.
189,Instagram,user37,2025-06-09 16:41:43,Curti!
190,Instagram,user290,2025-06-03 09:32:52,#dica #aprendizado
191,Instagram,user52,2025-06-13 23:48:11,Curti!
192,Instagram,user215,2025-06-29 12:54:02,Est√° √≥timo!
193,Instagram,user208,2025-06-25 09:40:28,Gostei da abordagem pr√°tica e exemplos reais.
194,Instagram,user84,2025-06-15 21:43:44,Conte√∫do relevante.
195,Instagram,user256,2025-06-23 17:04:17,Valeu pelas dicas!
196,Instagram,user140,2025-06-23 04:03:03,Muito interessante.
197,Instagram,user177,2025-06-30 21:59:56,Gostei bastante.
198,Instagram,user176,2025-06-13 06:09:34,Me ajudou bastante.
199,Instagram,user255,2025-06-10 15:13:47,Agrade√ßo pelo post.
200,Instagram,user175,2025-06-15 18:10:27,Bem interessante.
201,Facebook,user176,2025-06-19 18:21:15,Sensacional mesmo!
202,Facebook,user136,2025-06-26 19:36:08,Parab√©ns pelo trabalho!
203,Facebook,user144,2025-07-01 12:51:40,Perfeito!
204,Facebook,user163,2025-06-09 09:10:12,Curti demais o formato de apresenta√ß√£o.
205,Facebook,user235,2025-06-18 01:15:41,Curti!
206,Facebook,user94,2025-06-17 09:52:07,Curti!
207,Facebook,user1,2025-06-25 19:58:03,Bem interessante.
208,Facebook,user141,2025-06-30 01:00:55,#dica #aprendizado
209,Facebook,user246,2025-06-24 12:24:04,Que legal!
210,Facebook,user34,2025-06-13 11:30:56,√ìtimo trabalho!
211,Facebook,user60,2025-06-28 03:49:11,Excelente uso de exemplos.
212,Facebook,user211,2025-06-29 18:04:40,Pode explicar melhor?
213,Facebook,user38,2025-06-10 11:29:26,Excelente uso de exemplos.
214,Facebook,user258,2025-06-29 02:57:38,Parab√©ns pelo trabalho!
215,Facebook,user5,2025-06-20 06:17:26,Muito bom!
216,Facebook,user146,2025-06-18 23:06:44,Parab√©ns pelo trabalho!
217,Facebook,user253,2025-06-22 12:01:44,Excelente post!
218,Facebook,user157,2025-06-30 13:26:14,Bacana!
219,Facebook,user24,2025-06-05 11:03:11,Incr√≠vel!
220,Facebook,user259,2025-06-27 06:41:36,Parab√©ns pelo trabalho!
221,Facebook,user212,2025-06-30 17:25:27,Que legal!
222,Facebook,user25,2025-06-26 12:05:49,Curti!
223,Facebook,user110,2025-06-09 03:30:47,Perfeito!
224,Facebook,user275,2025-07-01 19:59:59,Legal demais.
225,Facebook,user279,2025-06-05 00:43:56,"Exemplo muito pr√°tico, gostei!"
226,Facebook,user282,2025-06-09 09:18:42,Top!
227,Facebook,user134,2025-06-29 06:49:29,Excelente conte√∫do!
228,Facebook,user30,2025-06-16 19:32:17,Adorei especialmente a forma como voc√™ explicou o t√≥pico.
229,Facebook,user251,2025-06-18 12:25:01,#incr√≠vel
230,Facebook,user73,2025-06-09 10:21:52,Isso ajudou muito.
231,Facebook,user114,2025-06-20 01:58:45,Fant√°stico!
232,Facebook,user241,2025-06-19 01:49:21,Muito bom üòä
233,Facebook,user30,2025-06-26 11:43:16,Muito esclarecedor.
234,Facebook,user270,2025-06-05 07:18:04,Parab√©ns pelo trabalho!
235,Facebook,user173,2025-06-21 04:14:29,Muito interessante.
236,Facebook,user259,2025-06-26 00:27:46,Excelente post!
237,Facebook,user173,2025-06-09 06:45:14,Que legal!
238,Facebook,user218,2025-06-10 05:19:52,"Achei esta parte confusa, pode revisar?"
239,Facebook,user280,2025-06-26 20:03:36,#dica #aprendizado
240,Facebook,user147,2025-06-08 16:50:51,Super √∫til!
241,Facebook,user38,2025-06-25 23:12:06,Excelente uso de exemplos.
242,Facebook,user16,2025-06-13 00:44:37,Adorei!
243,Facebook,user91,2025-06-06 21:01:29,Gostaria de saber mais.
244,Facebook,user221,2025-06-28 20:20:02,Sensacional!
245,Facebook,user129,2025-06-15 10:45:07,Adorei!
246,Facebook,user257,2025-06-04 18:53:30,Obrigado!
247,Facebook,user261,2025-06-17 11:40:21,üëèüëèüëè
248,Facebook,user159,2025-06-19 17:21:01,#incr√≠vel
249,Facebook,user28,2025-06-24 00:23:46,Me ajudou bastante.
250,Facebook,user57,2025-06-29 21:47:15,Adorei especialmente a forma como voc√™ explicou o t√≥pico.
251,Facebook,user189,2025-06-07 05:54:21,Boa dica!
252,Facebook,user269,2025-06-11 18:52:17,Pode explicar melhor?
253,Facebook,user16,2025-06-29 06:50:41,Parab√©ns pelo trabalho!
254,Facebook,user99,2025-06-20 12:04:54,Bacana!
255,Facebook,user279,2025-06-19 14:04:45,Boa dica!
256,Facebook,user144,2025-07-01 00:11:08,Perfeito!
257,Facebook,user263,2025-06-17 05:33:57,Obrigado!
258,Facebook,user33,2025-06-19 09:10:00,Qual ferramenta voc√™ usou?
259,Facebook,user46,2025-07-02 10:07:03,Gostaria de saber mais.
260,Facebook,user2,2025-06-13 17:54:22,Excelente post!
261,Facebook,user257,2025-06-20 16:35:28,√ìtimo post!
262,Facebook,user260,2025-06-06 13:10:55,√ìtimo post!
263,Facebook,user94,2025-06-05 17:11:43,Incr√≠vel!
264,Facebook,user29,2025-06-24 07:02:02,#dica #aprendizado
265,Facebook,user95,2025-06-18 11:26:37,Excelente uso de exemplos.
266,Facebook,user54,2025-06-15 07:34:39,Adorei!
267,Facebook,user138,2025-06-20 23:24:48,Excelente post!
268,Facebook,user193,2025-06-12 09:03:43,Adorei especialmente a forma como voc√™ explicou o t√≥pico.
269,Facebook,user184,2025-06-15 22:21:55,Est√° √≥timo!
270,Facebook,user100,2025-06-29 17:34:44,Incr√≠vel post!
271,Facebook,user244,2025-06-11 13:48:37,Incr√≠vel post!
272,Facebook,user275,2025-06-02 19:38:38,Obrigado por compartilhar.
273,Facebook,user226,2025-06-02 23:56:42,Curti demais o formato de apresenta√ß√£o.
274,Facebook,user139,2025-06-18 12:45:05,Show de bola!
275,Facebook,user251,2025-06-06 00:31:26,Amo o jeito que voc√™ aborda o assunto.
276,Facebook,user267,2025-06-15 01:40:41,#dica #aprendizado
277,Facebook,user92,2025-06-18 20:51:26,Pode explicar melhor?
278,Facebook,user109,2025-06-27 18:31:21,√ìtima informa√ß√£o.
279,Facebook,user19,2025-06-03 18:21:36,Incr√≠vel!
280,Facebook,user6,2025-06-30 17:37:25,Sensacional mesmo!
281,Facebook,user110,2025-06-11 15:13:25,Isso ajudou muito.
282,Facebook,user292,2025-06-10 03:25:00,Est√° √≥timo!
283,Facebook,user63,2025-06-22 12:50:46,Valeu pelas dicas!
284,Facebook,user34,2025-06-30 11:45:58,Amo o jeito que voc√™ aborda o assunto.
285,Facebook,user40,2025-06-24 22:36:09,Fant√°stico!
286,Facebook,user127,2025-06-30 11:20:21,Amo o jeito que voc√™ aborda o assunto.
287,Facebook,user176,2025-06-07 15:14:24,Obrigado!
288,Facebook,user8,2025-06-19 08:26:22,Muito bom!
289,Facebook,user245,2025-07-02 00:52:47,Bem interessante.
290,Facebook,user46,2025-06-23 08:32:14,Valeu pelas dicas!
291,Facebook,user19,2025-06-08 10:35:33,Excelente post!
292,Facebook,user222,2025-06-28 08:01:54,Agrade√ßo pelo post.
293,Facebook,user202,2025-06-09 16:52:11,Obrigado!
294,Facebook,user84,2025-06-12 04:59:05,Incr√≠vel post!
295,Facebook,user74,2025-06-19 07:19:23,Legal demais.
296,Facebook,user69,2025-06-05 18:48:01,√ìtima informa√ß√£o.
297,Facebook,user289,2025-06-12 01:35:09,Agrade√ßo pelo post.
298,Facebook,user33,2025-06-05 07:49:27,Excelente conte√∫do!
299,Facebook,user22,2025-06-09 21:24:07,Muito bom üòä
300,Facebook,user110,2025-06-07 23:00:04,Incr√≠vel!
301,Facebook,user278,2025-06-26 13:13:54,Excelente conte√∫do!
302,Facebook,user298,2025-06-11 02:07:09,Adorei especialmente a forma como voc√™ explicou o t√≥pico.
303,Facebook,user94,2025-06-12 20:54:57,Incr√≠vel!
304,Facebook,user62,2025-06-18 00:06:07,Muito bom üòä
305,Facebook,user163,2025-06-30 12:36:20,Excelente uso de exemplos.
306,Facebook,user240,2025-06-11 05:14:14,Parab√©ns pelo trabalho!
307,Facebook,user135,2025-06-13 04:02:41,Est√° √≥timo!
308,Facebook,user172,2025-06-16 17:36:58,Bem interessante.
309,Facebook,user30,2025-06-29 15:33:02,Incr√≠vel!
310,Facebook,user114,2025-06-27 06:01:34,Super √∫til!
311,Facebook,user66,2025-06-22 04:17:30,√ìtima informa√ß√£o.
312,Facebook,user155,2025-06-25 12:30:32,Pode explicar melhor?
313,Facebook,user111,2025-06-26 02:30:45,üëèüëèüëè
314,Facebook,user84,2025-06-18 11:38:11,Valeu pelas dicas!
315,Facebook,user168,2025-06-26 10:24:08,Perfeito!
316,Facebook,user151,2025-06-29 04:07:50,Obrigado!
317,Facebook,user104,2025-06-15 13:26:55,Valeu pelas dicas!
318,Facebook,user217,2025-06-26 23:43:51,Incr√≠vel post!
319,Facebook,user236,2025-07-02 09:30:47,√ìtimo post!
320,Facebook,user187,2025-06-22 02:06:10,Top!
321,Facebook,user289,2025-06-16 16:41:55,Muito esclarecedor.
322,Facebook,user48,2025-06-06 11:22:45,Conte√∫do relevante.
323,Facebook,user147,2025-06-13 04:58:35,Agrade√ßo pelo post.
324,Facebook,user172,2025-07-01 09:29:40,Legal demais.
325,Facebook,user48,2025-06-19 14:15:48,√ìtima informa√ß√£o.
326,Facebook,user264,2025-06-20 16:42:04,"√ìtimas refer√™ncias e fontes, obrigada!"
327,Facebook,user48,2025-06-18 08:21:43,"√ìtimas refer√™ncias e fontes, obrigada!"
328,Facebook,user101,2025-06-26 20:30:00,Valeu pelas dicas!
329,Facebook,user276,2025-06-25 21:57:19,Isso ajudou muito.
330,Facebook,user265,2025-06-21 21:15:11,Fant√°stico!
331,Facebook,user203,2025-06-24 11:23:08,Sensacional mesmo!
332,Facebook,user170,2025-06-24 23:18:14,Adorei especialmente a forma como voc√™ explicou o t√≥pico.
333,Facebook,user233,2025-06-19 15:51:17,Top!
334,Facebook,user35,2025-06-05 17:26:28,Obrigado por compartilhar.
335,Facebook,user268,2025-06-19 23:23:23,Adorei especialmente a forma como voc√™ explicou o t√≥pico.
336,Facebook,user205,2025-06-21 14:43:35,Muito bom!
337,Facebook,user213,2025-06-18 11:16:46,"√ìtimas refer√™ncias e fontes, obrigada!"
338,Facebook,user157,2025-06-07 12:19:38,Muito esclarecedor.
339,Facebook,user104,2025-06-26 23:27:41,Sensacional! Obrigado pelos insights.
340,Facebook,user293,2025-06-04 11:19:20,Incr√≠vel post!
341,Facebook,user131,2025-06-22 09:22:50,Qual ferramenta voc√™ usou?
342,Facebook,user41,2025-06-17 09:11:13,Conte√∫do relevante.
343,Facebook,user298,2025-06-06 04:21:13,Curti demais o formato de apresenta√ß√£o.
344,Facebook,user18,2025-06-27 23:50:08,Isso ajudou muito.
345,Facebook,user287,2025-06-22 09:01:58,Muito esclarecedor.
346,Facebook,user173,2025-06-28 21:04:00,Adorei especialmente a forma como voc√™ explicou o t√≥pico.
347,Facebook,user198,2025-06-22 22:15:01,Valeu pelas dicas!
348,Facebook,user79,2025-06-12 06:45:54,Bacana!
349,Facebook,user208,2025-06-10 20:00:17,Me ajudou bastante.
350,Facebook,user226,2025-06-07 09:07:26,Sensacional! Obrigado pelos insights.
351,X (Twitter),user101,2025-06-22 03:25:16,Excelente conte√∫do!
352,X (Twitter),user181,2025-06-09 22:07:49,Excelente conte√∫do!
353,X (Twitter),user53,2025-06-26 21:04:05,Isso ajudou muito.
354,X (Twitter),user43,2025-06-07 04:00:31,Curti!
355,X (Twitter),user109,2025-06-12 13:47:45,Muito interessante.
356,X (Twitter),user197,2025-06-27 13:44:35,"Esse tutorial foi bem claro e objetivo, me ajudou muito."
357,X (Twitter),user33,2025-06-24 12:39:30,Adorei!
358,X (Twitter),user240,2025-06-02 18:25:06,Sensacional! Obrigado pelos insights.
359,X (Twitter),user97,2025-06-27 21:14:19,Gostei da abordagem pr√°tica e exemplos reais.
360,X (Twitter),user116,2025-06-23 11:45:06,Muito interessante.
361,X (Twitter),user70,2025-06-21 03:54:00,Gostaria de saber mais.
362,X (Twitter),user292,2025-06-08 09:15:01,Muito esclarecedor.
363,X (Twitter),user286,2025-06-23 10:24:45,Adorei!
364,X (Twitter),user179,2025-06-21 15:52:56,Sensacional mesmo!
365,X (Twitter),user146,2025-06-21 03:05:10,Est√° √≥timo!
366,X (Twitter),user270,2025-06-18 04:49:52,Qual ferramenta voc√™ usou?
367,X (Twitter),user119,2025-06-19 02:59:05,Muito esclarecedor.
368,X (Twitter),user137,2025-06-13 15:08:52,Show de bola!
369,X (Twitter),user287,2025-06-09 01:53:03,Amo o jeito que voc√™ aborda o assunto.
370,X (Twitter),user121,2025-06-02 20:48:24,Parab√©ns pelo trabalho!
371,X (Twitter),user234,2025-06-20 00:05:38,Bacana!
372,X (Twitter),user141,2025-06-06 11:28:15,Muito interessante.
373,X (Twitter),user149,2025-06-07 16:06:28,Curti!
374,X (Twitter),user152,2025-06-11 01:12:34,√ìtima informa√ß√£o.
375,X (Twitter),user163,2025-06-16 22:11:49,Parab√©ns pelo trabalho!
376,X (Twitter),user285,2025-06-15 19:52:09,Pode explicar melhor?
377,X (Twitter),user14,2025-06-18 07:12:47,"Achei esta parte confusa, pode revisar?"
378,X (Twitter),user173,2025-06-11 07:25:03,Curti demais o formato de apresenta√ß√£o.
379,X (Twitter),user69,2025-06-07 08:23:21,Adorei especialmente a forma como voc√™ explicou o t√≥pico.
380,X (Twitter),user195,2025-06-06 19:32:06,Boa dica!
381,X (Twitter),user155,2025-06-27 07:18:27,Amo o jeito que voc√™ aborda o assunto.
382,X (Twitter),user205,2025-06-07 14:00:21,Curti!
383,X (Twitter),user11,2025-06-16 09:55:22,Que legal!
384,X (Twitter),user29,2025-06-09 21:12:33,Adorei especialmente a forma como voc√™ explicou o t√≥pico.
385,X (Twitter),user196,2025-06-10 13:28:31,Excelente uso de exemplos.
386,X (Twitter),user22,2025-06-28 02:34:42,"Exemplo muito pr√°tico, gostei!"
387,X (Twitter),user197,2025-06-14 15:58:54,Muito esclarecedor.
388,X (Twitter),user177,2025-06-26 14:34:06,Excelente conte√∫do!
389,X (Twitter),user15,2025-06-19 22:09:08,Pode explicar melhor?
390,X (Twitter),user118,2025-06-26 00:54:25,Que legal!
391,X (Twitter),user67,2025-06-25 02:03:02,Excelente uso de exemplos.
392,X (Twitter),user248,2025-06-15 23:59:43,Pode explicar melhor?
393,X (Twitter),user42,2025-06-14 02:11:08,√ìtima informa√ß√£o.
394,X (Twitter),user183,2025-06-23 22:46:42,Curti!
395,X (Twitter),user295,2025-06-20 13:33:04,"Esse tutorial foi bem claro e objetivo, me ajudou muito."
396,X (Twitter),user9,2025-06-12 08:40:44,Parab√©ns pelo trabalho!
397,X (Twitter),user274,2025-06-28 01:20:07,√ìtimo post!
398,X (Twitter),user237,2025-06-19 16:02:37,Muito esclarecedor.
399,X (Twitter),user138,2025-07-01 02:18:39,Valeu pelas dicas!
400,X (Twitter),user127,2025-07-02 13:16:09,Incr√≠vel post!
401,X (Twitter),user95,2025-06-12 00:37:51,Adorei!
402,X (Twitter),user37,2025-06-09 20:03:07,√ìtimo trabalho!
403,X (Twitter),user161,2025-06-15 18:54:26,Incr√≠vel post!
404,X (Twitter),user274,2025-06-05 13:39:53,Bem interessante.
405,X (Twitter),user261,2025-06-30 09:14:19,"Esse tutorial foi bem claro e objetivo, me ajudou muito."
406,X (Twitter),user160,2025-07-02 01:46:45,Excelente conte√∫do!
407,X (Twitter),user260,2025-06-17 07:44:13,#incr√≠vel
408,X (Twitter),user225,2025-06-24 22:00:38,√ìtimo post!
409,X (Twitter),user199,2025-06-15 04:17:27,Sensacional! Obrigado pelos insights.
410,X (Twitter),user51,2025-06-08 02:36:02,Obrigado por compartilhar.
411,X (Twitter),user100,2025-06-26 09:53:35,Boa dica!
412,X (Twitter),user13,2025-06-17 11:17:49,Sensacional! Obrigado pelos insights.
413,X (Twitter),user69,2025-07-02 00:49:12,Muito bom!
414,X (Twitter),user300,2025-06-14 02:17:41,üëèüëèüëè
415,X (Twitter),user123,2025-06-25 04:50:32,Conte√∫do relevante.
416,X (Twitter),user138,2025-06-03 13:00:21,Excelente post!
417,X (Twitter),user203,2025-06-07 04:16:30,Sensacional mesmo!
418,X (Twitter),user227,2025-06-22 00:30:41,Top!
419,X (Twitter),user30,2025-06-09 14:25:46,Isso ajudou muito.
420,X (Twitter),user46,2025-07-02 03:30:23,"Esse tutorial foi bem claro e objetivo, me ajudou muito."
421,X (Twitter),user279,2025-06-02 21:25:47,Excelente uso de exemplos.
422,X (Twitter),user259,2025-06-14 15:57:30,Conte√∫do relevante.
423,X (Twitter),user235,2025-06-17 15:49:49,Excelente conte√∫do!
424,X (Twitter),user286,2025-06-04 11:15:54,Bacana!
425,X (Twitter),user47,2025-06-29 02:03:39,Sensacional!
426,X (Twitter),user168,2025-06-09 23:11:22,Conte√∫do relevante.
427,X (Twitter),user142,2025-06-18 02:36:34,Curti demais o formato de apresenta√ß√£o.
428,X (Twitter),user188,2025-06-21 10:10:13,Adorei especialmente a forma como voc√™ explicou o t√≥pico.
429,X (Twitter),user6,2025-06-22 12:07:31,Muito bom üòä
430,X (Twitter),user286,2025-06-22 16:41:56,üëèüëèüëè
431,X (Twitter),user257,2025-07-01 19:33:00,Agrade√ßo pelo post.
432,X (Twitter),user30,2025-06-15 22:02:57,√ìtimo post!
433,X (Twitter),user219,2025-06-16 21:53:42,Bem interessante.
434,X (Twitter),user47,2025-06-24 15:59:06,Muito √∫til!
435,X (Twitter),user37,2025-06-05 00:34:31,Top!
436,X (Twitter),user157,2025-06-24 14:07:09,Pode explicar melhor?
437,X (Twitter),user250,2025-06-06 04:57:12,Adorei especialmente a forma como voc√™ explicou o t√≥pico.
438,X (Twitter),user59,2025-06-26 10:03:57,Show de bola!
439,X (Twitter),user92,2025-06-20 23:27:48,Excelente conte√∫do!
440,X (Twitter),user268,2025-06-19 04:06:10,Conte√∫do relevante.
441,X (Twitter),user196,2025-06-11 13:05:02,Excelente conte√∫do!
442,X (Twitter),user41,2025-06-24 21:13:23,Amo o jeito que voc√™ aborda o assunto.
443,X (Twitter),user16,2025-06-13 17:46:24,Muito bom!
444,X (Twitter),user231,2025-06-09 21:27:57,Gostaria de saber mais.
445,X (Twitter),user256,2025-06-26 17:50:59,Sensacional!
446,X (Twitter),user267,2025-07-01 14:08:17,"Exemplo muito pr√°tico, gostei!"
447,X (Twitter),user105,2025-06-04 05:17:11,Show de bola!
448,X (Twitter),user12,2025-06-02 22:48:48,Bem interessante.
449,X (Twitter),user3,2025-06-06 05:38:40,Muito bom üòä
450,X (Twitter),user30,2025-07-01 23:05:31,Gostei da abordagem pr√°tica e exemplos reais.
451,X (Twitter),user85,2025-06-03 12:22:11,Excelente post!
452,X (Twitter),user208,2025-06-25 04:22:33,Muito interessante.
453,X (Twitter),user247,2025-06-08 09:11:57,"Exemplo muito pr√°tico, gostei!"
454,X (Twitter),user217,2025-06-29 21:02:37,üëèüëèüëè
455,X (Twitter),user194,2025-06-07 22:11:04,üëèüëèüëè
456,X (Twitter),user266,2025-06-28 21:09:29,√ìtimo trabalho!
457,X (Twitter),user293,2025-06-18 01:06:41,Sensacional!
458,X (Twitter),user151,2025-06-18 11:28:47,Muito esclarecedor.
459,X (Twitter),user199,2025-06-16 17:14:33,Qual ferramenta voc√™ usou?
460,X (Twitter),user205,2025-06-23 21:22:15,üëèüëèüëè
461,X (Twitter),user199,2025-06-25 09:52:29,"Achei esta parte confusa, pode revisar?"
462,X (Twitter),user184,2025-06-29 05:27:43,Conte√∫do relevante.
463,X (Twitter),user213,2025-06-25 12:45:33,Gostaria de saber mais.
464,X (Twitter),user15,2025-06-10 11:42:59,Conte√∫do relevante.
465,X (Twitter),user72,2025-06-29 02:42:22,Adorei especialmente a forma como voc√™ explicou o t√≥pico.
466,X (Twitter),user153,2025-06-25 07:10:42,#dica #aprendizado
467,X (Twitter),user108,2025-06-08 06:11:29,Me ajudou bastante.
468,X (Twitter),user138,2025-07-02 06:03:20,Me ajudou bastante.
469,X (Twitter),user133,2025-06-09 11:52:59,Valeu pelas dicas!
470,X (Twitter),user90,2025-06-15 14:55:07,Me ajudou bastante.
471,X (Twitter),user13,2025-06-14 21:25:19,Gostei bastante.
472,X (Twitter),user42,2025-06-26 11:41:17,Show de bola!
473,X (Twitter),user41,2025-07-02 01:36:26,Muito √∫til!
474,X (Twitter),user208,2025-06-13 06:45:08,Muito esclarecedor.
475,X (Twitter),user216,2025-06-11 14:50:02,Boa dica!
476,X (Twitter),user121,2025-06-08 01:36:49,Pode explicar melhor?
477,X (Twitter),user57,2025-06-24 03:46:07,Adorei especialmente a forma como voc√™ explicou o t√≥pico.
478,X (Twitter),user17,2025-06-16 16:31:47,Sensacional mesmo!
479,X (Twitter),user24,2025-06-21 12:45:54,Legal demais.
480,X (Twitter),user30,2025-06-19 17:55:38,Gostei bastante.
481,X (Twitter),user150,2025-06-19 06:03:38,Sensacional mesmo!
482,X (Twitter),user90,2025-06-20 03:42:42,Gostei da abordagem pr√°tica e exemplos reais.
483,X (Twitter),user3,2025-06-10 08:47:33,Agrade√ßo pelo post.
484,X (Twitter),user119,2025-06-10 11:26:16,Fant√°stico!
485,X (Twitter),user86,2025-06-26 19:13:19,Top!
486,X (Twitter),user215,2025-06-03 21:32:48,Fant√°stico!
487,X (Twitter),user178,2025-06-15 11:32:55,Gostei da abordagem pr√°tica e exemplos reais.
488,X (Twitter),user139,2025-06-13 16:58:00,Parab√©ns pelo trabalho!
489,X (Twitter),user90,2025-06-26 10:22:49,Pode explicar melhor?
490,X (Twitter),user120,2025-06-24 02:50:38,Agrade√ßo pelo post.
491,X (Twitter),user298,2025-06-09 08:46:53,"√ìtimas refer√™ncias e fontes, obrigada!"
492,X (Twitter),user124,2025-06-25 16:37:13,Gostei bastante.
493,X (Twitter),user43,2025-06-13 06:00:04,"Exemplo muito pr√°tico, gostei!"
494,X (Twitter),user12,2025-06-30 13:10:23,Muito esclarecedor.
495,X (Twitter),user279,2025-06-19 02:53:23,Gostei bastante.
496,X (Twitter),user65,2025-06-14 19:31:17,#incr√≠vel
497,X (Twitter),user27,2025-06-18 06:22:54,Excelente conte√∫do!
498,X (Twitter),user77,2025-07-01 07:24:02,Gostaria de saber mais.
499,X (Twitter),user51,2025-06-13 09:37:56,Que legal!
500,X (Twitter),user239,2025-06-19 15:50:38,Show de bola!
