mes,dia,hora,altura
25-01,01 - Qua,03:57h,1.8m
25-01,01 - Qua,08:21h,0.4m
25-01,01 - Qua,11:55h,0.9m
25-01,01 - Qua,17:01h,1.5m
25-01,01 - Qua,21:47h,0.1m
25-01,02 - Qui,04:44h,1.8m
25-01,02 - Qui,09:02h,0.4m
25-01,02 - Qui,12:27h,1.0m
25-01,02 - Qui,14:23h,0.9m
25-01,02 - Qui,17:47h,1.4m
25-01,02 - Qui,22:21h,0.1m
25-01,03 - Sex,05:27h,1.8m
25-01,03 - Sex,09:42h,0.4m
25-01,03 - Sex,13:02h,1.1m
25-01,03 - Sex,15:16h,0.9m
25-01,03 - Sex,18:29h,1.4m
25-01,03 - Sex,23:01h,0.2m
25-01,04 - Sab,06:14h,1.7m
25-01,04 - Sab,10:12h,0.4m
25-01,04 - Sab,13:42h,1.2m
25-01,04 - Sab,16:08h,0.9m
25-01,04 - Sab,19:14h,1.3m
25-01,04 - Sab,23:36h,0.3m
25-01,05 - Dom,07:02h,1.5m
25-01,05 - Dom,10:55h,0.4m
25-01,05 - Dom,14:14h,1.2m
25-01,05 - Dom,17:02h,0.8m
25-01,05 - Dom,20:06h,1.3m
25-01,06 - Seg,00:16h,0.5m
25-01,06 - Seg,07:55h,1.4m
25-01,06 - Seg,11:31h,0.5m
25-01,06 - Seg,14:55h,1.2m
25-01,06 - Seg,17:51h,0.7m
25-01,06 - Seg,21:02h,1.3m
25-01,07 - Ter,01:10h,0.6m
25-01,07 - Ter,02:51h,0.7m
25-01,07 - Ter,04:59h,0.6m
25-01,07 - Ter,08:49h,1.3m
25-01,07 - Ter,12:12h,0.6m
25-01,07 - Ter,15:32h,1.1m
25-01,07 - Ter,18:29h,0.7m
25-01,07 - Ter,22:02h,1.3m
25-01,08 - Qua,06:04h,0.6m
25-01,08 - Qua,09:51h,1.2m
25-01,08 - Qua,13:06h,0.7m
25-01,08 - Qua,16:08h,1.0m
25-01,08 - Qua,19:08h,0.6m
25-01,08 - Qua,23:04h,1.4m
25-01,09 - Qui,07:08h,0.6m
25-01,09 - Qui,11:02h,1.1m
25-01,09 - Qui,14:25h,0.8m
25-01,09 - Qui,19:55h,0.5m
25-01,10 - Sex,00:06h,1.5m
25-01,10 - Sex,08:12h,0.6m
25-01,10 - Sex,12:12h,1.2m
25-01,10 - Sex,20:31h,0.4m
25-01,11 - Sab,01:06h,1.6m
25-01,11 - Sab,09:12h,0.6m
25-01,11 - Sab,13:12h,1.3m
25-01,11 - Sab,21:04h,0.4m
25-01,12 - Dom,02:02h,1.7m
25-01,12 - Dom,06:38h,0.7m
25-01,12 - Dom,14:04h,1.4m
25-01,12 - Dom,19:25h,0.3m
25-01,13 - Seg,02:51h,1.8m
25-01,13 - Seg,07:12h,0.6m
25-01,13 - Seg,10:57h,0.8m
25-01,13 - Seg,14:59h,1.4m
25-01,13 - Seg,19:55h,0.2m
25-01,14 - Ter,03:36h,1.8m
25-01,14 - Ter,07:55h,0.5m
25-01,14 - Ter,15:42h,1.4m
25-01,14 - Ter,20:21h,0.1m
25-01,15 - Qua,04:19h,1.8m
25-01,15 - Qua,08:31h,0.3m
25-01,15 - Qua,16:19h,1.4m
25-01,15 - Qua,20:59h,0.1m
25-01,16 - Qui,05:04h,1.8m
25-01,16 - Qui,09:08h,0.2m
25-01,16 - Qui,14:04h,1.2m
25-01,16 - Qui,16:59h,1.4m
25-01,16 - Qui,21:27h,0.1m
25-01,17 - Sex,05:49h,1.7m
25-01,17 - Sex,09:51h,0.1m
25-01,17 - Sex,14:04h,1.3m
25-01,17 - Sex,17:32h,1.4m
25-01,17 - Sex,22:02h,0.1m
25-01,18 - Sab,06:29h,1.5m
25-01,18 - Sab,10:23h,0.2m
25-01,18 - Sab,14:40h,1.3m
25-01,18 - Sab,22:38h,0.2m
25-01,19 - Dom,07:08h,1.4m
25-01,19 - Dom,11:02h,0.2m
25-01,19 - Dom,15:10h,1.3m
25-01,19 - Dom,17:01h,1.2m
25-01,19 - Dom,18:51h,1.3m
25-01,19 - Dom,23:10h,0.2m
25-01,20 - Seg,03:02h,1.0m
25-01,20 - Seg,04:57h,0.9m
25-01,20 - Seg,07:55h,1.2m
25-01,20 - Seg,11:38h,0.4m
25-01,20 - Seg,15:42h,1.2m
25-01,20 - Seg,17:19h,1.1m
25-01,20 - Seg,19:49h,1.2m
25-01,20 - Seg,23:53h,0.4m
25-01,21 - Ter,03:25h,1.0m
25-01,21 - Ter,05:59h,0.8m
25-01,21 - Ter,08:44h,1.1m
25-01,21 - Ter,12:12h,0.5m
25-01,21 - Ter,16:02h,1.1m
25-01,21 - Ter,17:53h,1.0m
25-01,21 - Ter,20:49h,1.2m
25-01,22 - Qua,00:29h,0.5m
25-01,22 - Qua,03:59h,1.0m
25-01,22 - Qua,06:51h,0.8m
25-01,22 - Qua,09:38h,1.0m
25-01,22 - Qua,13:01h,0.7m
25-01,22 - Qua,16:04h,0.9m
25-01,22 - Qua,18:06h,0.8m
25-01,22 - Qua,21:47h,1.3m
25-01,23 - Qui,01:14h,0.7m
25-01,23 - Qui,04:27h,1.0m
25-01,23 - Qui,07:34h,0.7m
25-01,23 - Qui,10:46h,1.0m
25-01,23 - Qui,18:29h,0.6m
25-01,23 - Qui,22:40h,1.3m
25-01,24 - Sex,02:16h,0.8m
25-01,24 - Sex,05:02h,1.0m
25-01,24 - Sex,08:10h,0.7m
25-01,24 - Sex,11:59h,1.1m
25-01,24 - Sex,18:53h,0.4m
25-01,24 - Sex,23:25h,1.4m
25-01,25 - Sab,03:49h,0.8m
25-01,25 - Sab,05:38h,0.9m
25-01,25 - Sab,08:49h,0.7m
25-01,25 - Sab,13:01h,1.2m
25-01,25 - Sab,19:14h,0.3m
25-01,26 - Dom,00:16h,1.6m
25-01,26 - Dom,09:16h,0.7m
25-01,26 - Dom,13:49h,1.3m
25-01,26 - Dom,19:44h,0.1m
25-01,27 - Seg,01:08h,1.7m
25-01,27 - Seg,08:02h,0.7m
25-01,27 - Seg,14:34h,1.4m
25-01,27 - Seg,20:10h,0.0m
25-01,28 - Ter,02:02h,1.8m
25-01,28 - Ter,07:21h,0.6m
25-01,28 - Ter,15:14h,1.5m
25-01,28 - Ter,20:40h,-0.1m
25-01,29 - Qua,02:55h,1.9m
25-01,29 - Qua,07:55h,0.5m
25-01,29 - Qua,15:59h,1.6m
25-01,29 - Qua,21:06h,-0.1m
25-01,30 - Qui,03:42h,1.9m
25-01,30 - Qui,08:19h,0.4m
25-01,30 - Qui,16:38h,1.6m
25-01,30 - Qui,21:29h,-0.1m
25-01,31 - Sex,04:27h,1.9m
25-01,31 - Sex,08:57h,0.3m
25-01,31 - Sex,12:17h,0.9m
25-01,31 - Sex,17:14h,1.6m
25-01,31 - Sex,21:57h,0.0m
25-02,01 - Sab,05:10h,1.8m
25-02,01 - Sab,09:23h,0.3m
25-02,01 - Sab,12:59h,1.0m
25-02,01 - Sab,14:40h,0.9m
25-02,01 - Sab,17:59h,1.6m
25-02,01 - Sab,22:16h,0.1m
25-02,02 - Dom,06:01h,1.7m
25-02,02 - Dom,10:01h,0.2m
25-02,02 - Dom,13:34h,1.1m
25-02,02 - Dom,15:40h,1.0m
25-02,02 - Dom,18:44h,1.5m
25-02,02 - Dom,22:49h,0.3m
25-02,03 - Seg,06:47h,1.5m
25-02,03 - Seg,10:34h,0.2m
25-02,03 - Seg,14:08h,1.2m
25-02,03 - Seg,16:36h,0.9m
25-02,03 - Seg,19:29h,1.4m
25-02,03 - Seg,23:16h,0.4m
25-02,04 - Ter,02:16h,0.8m
25-02,04 - Ter,04:08h,0.7m
25-02,04 - Ter,07:36h,1.3m
25-02,04 - Ter,11:08h,0.3m
25-02,04 - Ter,14:51h,1.2m
25-02,04 - Ter,17:27h,0.8m
25-02,04 - Ter,20:27h,1.3m
25-02,04 - Ter,23:59h,0.6m
25-02,05 - Qua,02:53h,1.0m
25-02,05 - Qua,05:23h,0.7m
25-02,05 - Qua,08:27h,1.1m
25-02,05 - Qua,11:55h,0.4m
25-02,05 - Qua,15:23h,1.2m
25-02,05 - Qua,18:16h,0.7m
25-02,05 - Qua,21:40h,1.3m
25-02,06 - Qui,00:46h,0.8m
25-02,06 - Qui,03:21h,1.1m
25-02,06 - Qui,06:27h,0.6m
25-02,06 - Qui,09:34h,1.0m
25-02,06 - Qui,12:40h,0.6m
25-02,06 - Qui,16:01h,1.1m
25-02,06 - Qui,19:02h,0.5m
25-02,06 - Qui,22:55h,1.3m
25-02,07 - Sex,02:01h,1.0m
25-02,07 - Sex,03:53h,1.1m
25-02,07 - Sex,07:25h,0.6m
25-02,07 - Sex,10:53h,1.0m
25-02,07 - Sex,13:42h,0.7m
25-02,07 - Sex,16:25h,0.9m
25-02,07 - Sex,19:46h,0.4m
25-02,08 - Sab,00:04h,1.4m
25-02,08 - Sab,08:16h,0.6m
25-02,08 - Sab,12:02h,1.1m
25-02,08 - Sab,20:16h,0.3m
25-02,09 - Dom,01:04h,1.6m
25-02,09 - Dom,09:02h,0.6m
25-02,09 - Dom,13:02h,1.2m
25-02,09 - Dom,20:51h,0.3m
25-02,10 - Seg,01:53h,1.7m
25-02,10 - Seg,06:47h,0.7m
25-02,10 - Seg,13:57h,1.4m
25-02,10 - Seg,20:34h,0.3m
25-02,11 - Ter,02:36h,1.8m
25-02,11 - Ter,07:08h,0.5m
25-02,11 - Ter,14:40h,1.5m
25-02,11 - Ter,19:57h,0.2m
25-02,12 - Qua,03:16h,1.8m
25-02,12 - Qua,07:46h,0.3m
25-02,12 - Qua,15:16h,1.5m
25-02,12 - Qua,20:12h,0.1m
25-02,13 - Qui,04:01h,1.8m
25-02,13 - Qui,08:16h,0.1m
25-02,13 - Qui,15:55h,1.6m
25-02,13 - Qui,20:40h,0.0m
25-02,14 - Sex,04:40h,1.8m
25-02,14 - Sex,08:57h,0.0m
25-02,14 - Sex,16:25h,1.6m
25-02,14 - Sex,21:04h,0.0m
25-02,15 - Sab,05:17h,1.6m
25-02,15 - Sab,09:27h,0.0m
25-02,15 - Sab,16:55h,1.6m
25-02,15 - Sab,21:34h,0.0m
25-02,16 - Dom,05:04h,1.8m
25-02,16 - Dom,09:08h,0.2m
25-02,16 - Dom,14:04h,1.2m
25-02,16 - Dom,16:59h,1.4m
25-02,16 - Dom,21:27h,0.1m
25-02,17 - Seg,02:12h,1.0m
25-02,17 - Seg,06:40h,1.3m
25-02,17 - Seg,10:34h,0.1m
25-02,17 - Seg,18:02h,1.4m
25-02,17 - Seg,22:34h,0.2m
25-02,18 - Ter,02:25h,1.1m
25-02,18 - Ter,04:55h,0.9m
25-02,18 - Ter,07:17h,1.2m
25-02,18 - Ter,11:04h,0.3m
25-02,18 - Ter,18:55h,1.3m
25-02,18 - Ter,23:04h,0.3m
25-02,19 - Qua,02:53h,1.2m
25-02,19 - Qua,05:51h,0.8m
25-02,19 - Qua,08:04h,1.1m
25-02,19 - Qua,11:40h,0.4m
25-02,19 - Qua,16:59h,1.0m
25-02,19 - Qua,19:57h,1.2m
25-02,19 - Qua,23:42h,0.5m
25-02,20 - Qui,03:14h,1.2m
25-02,20 - Qui,06:34h,0.7m
25-02,20 - Qui,09:02h,1.0m
25-02,20 - Qui,12:10h,0.6m
25-02,20 - Qui,15:38h,0.9m
25-02,20 - Qui,17:32h,0.8m
25-02,20 - Qui,20:59h,1.2m
25-02,21 - Sex,00:14h,0.7m
25-02,21 - Sex,03:44h,1.2m
25-02,21 - Sex,07:10h,0.7m
25-02,21 - Sex,10:06h,1.0m
25-02,21 - Sex,13:04h,0.8m
25-02,21 - Sex,18:02h,0.6m
25-02,21 - Sex,22:01h,1.3m
25-02,22 - Sab,01:04h,0.9m
25-02,22 - Sab,04:01h,1.1m
25-02,22 - Sab,07:46h,0.6m
25-02,22 - Sab,11:19h,1.0m
25-02,22 - Sab,18:31h,0.4m
25-02,22 - Sab,22:59h,1.4m
25-02,23 - Dom,02:19h,1.0m
25-02,23 - Dom,04:01h,1.1m
25-02,23 - Dom,08:08h,0.5m
25-02,23 - Dom,12:32h,1.2m
25-02,23 - Dom,19:01h,0.2m
25-02,23 - Dom,23:55h,1.5m
25-02,24 - Seg,08:32h,0.5m
25-02,24 - Seg,13:25h,1.3m
25-02,24 - Seg,19:27h,0.0m
25-02,25 - Ter,00:49h,1.7m
25-02,25 - Ter,08:47h,0.5m
25-02,25 - Ter,14:08h,1.5m
25-02,25 - Ter,19:59h,-0.1m
25-02,26 - Qua,01:44h,1.8m
25-02,26 - Qua,08:12h,0.5m
25-02,26 - Qua,14:53h,1.6m
25-02,26 - Qua,20:21h,-0.2m
25-02,27 - Qui,02:34h,1.9m
25-02,27 - Qui,07:53h,0.4m
25-02,27 - Qui,15:31h,1.7m
25-02,27 - Qui,20:44h,-0.2m
25-02,28 - Sex,03:21h,1.9m
25-02,28 - Sex,08:06h,0.3m
25-02,28 - Sex,16:08h,1.8m
25-02,28 - Sex,21:01h,-0.1m
25-03,01 - Sab,04:06h,1.9m
25-03,01 - Sab,08:31h,0.2m
25-03,01 - Sab,16:49h,1.8m
25-03,01 - Sab,21:14h,0.0m
25-03,02 - Dom,04:55h,1.7m
25-03,02 - Dom,09:02h,0.1m
25-03,02 - Dom,13:53h,1.0m
25-03,02 - Dom,17:27h,1.8m
25-03,02 - Dom,21:40h,0.1m
25-03,03 - Seg,05:42h,1.6m
25-03,03 - Seg,09:36h,0.1m
25-03,03 - Seg,13:12h,1.1m
25-03,03 - Seg,15:01h,1.0m
25-03,03 - Seg,18:08h,1.6m
25-03,03 - Seg,22:04h,0.3m
25-03,04 - Ter,01:16h,0.9m
25-03,04 - Ter,03:06h,0.7m
25-03,04 - Ter,06:25h,1.4m
25-03,04 - Ter,10:06h,0.1m
25-03,04 - Ter,13:53h,1.2m
25-03,04 - Ter,16:02h,0.9m
25-03,04 - Ter,19:01h,1.5m
25-03,04 - Ter,22:40h,0.5m
25-03,05 - Qua,01:57h,1.1m
25-03,05 - Qua,04:27h,0.7m
25-03,05 - Qua,07:16h,1.2m
25-03,05 - Qua,10:51h,0.2m
25-03,05 - Qua,14:29h,1.2m
25-03,05 - Qua,17:02h,0.8m
25-03,05 - Qua,20:02h,1.3m
25-03,05 - Qua,23:10h,0.7m
25-03,06 - Qui,02:29h,1.3m
25-03,06 - Qui,05:34h,0.7m
25-03,06 - Qui,08:16h,1.0m
25-03,06 - Qui,11:27h,0.3m
25-03,06 - Qui,15:04h,1.1m
25-03,06 - Qui,18:01h,0.6m
25-03,06 - Qui,21:12h,1.2m
25-03,06 - Qui,23:59h,0.9m
25-03,07 - Sex,03:02h,1.3m
25-03,07 - Sex,06:29h,0.6m
25-03,07 - Sex,09:23h,1.0m
25-03,07 - Sex,12:14h,0.5m
25-03,07 - Sex,15:40h,1.0m
25-03,07 - Sex,18:49h,0.5m
25-03,07 - Sex,22:38h,1.2m
25-03,08 - Sab,01:01h,1.1m
25-03,08 - Sab,03:38h,1.3m
25-03,08 - Sab,07:17h,0.6m
25-03,08 - Sab,10:42h,1.0m
25-03,08 - Sab,13:19h,0.7m
25-03,08 - Sab,16:02h,0.9m
25-03,08 - Sab,19:23h,0.3m
25-03,08 - Sab,23:57h,1.4m
25-03,09 - Dom,08:02h,0.6m
25-03,09 - Dom,11:49h,1.1m
25-03,09 - Dom,20:01h,0.3m
25-03,10 - Seg,00:53h,1.5m
25-03,10 - Seg,08:29h,0.7m
25-03,10 - Seg,12:44h,1.3m
25-03,10 - Seg,20:23h,0.3m
25-03,11 - Ter,01:34h,1.7m
25-03,11 - Ter,06:19h,0.5m
25-03,11 - Ter,13:27h,1.4m
25-03,11 - Ter,19:25h,0.3m
25-03,12 - Qua,02:14h,1.8m
25-03,12 - Qua,06:51h,0.3m
25-03,12 - Qua,14:08h,1.5m
25-03,12 - Qua,19:23h,0.1m
25-03,13 - Qui,02:55h,1.8m
25-03,13 - Qui,07:19h,0.1m
25-03,13 - Qui,14:47h,1.6m
25-03,13 - Qui,19:49h,0.0m
25-03,14 - Sex,03:32h,1.8m
25-03,14 - Sex,07:59h,-0.1m
25-03,14 - Sex,15:19h,1.6m
25-03,14 - Sex,20:08h,0.0m
25-03,15 - Sab,04:08h,1.7m
25-03,15 - Sab,08:29h,-0.1m
25-03,15 - Sab,15:55h,1.7m
25-03,15 - Sab,20:38h,0.0m
25-03,16 - Dom,05:59h,1.5m
25-03,16 - Dom,10:02h,0.0m
25-03,16 - Dom,17:25h,1.5m
25-03,16 - Dom,22:02h,0.1m
25-03,17 - Seg,05:25h,1.4m
25-03,17 - Seg,09:36h,0.0m
25-03,17 - Seg,17:01h,1.6m
25-03,17 - Seg,21:29h,0.0m
25-03,18 - Ter,01:34h,1.2m
25-03,18 - Ter,03:40h,1.0m
25-03,18 - Ter,06:04h,1.3m
25-03,18 - Ter,10:04h,0.1m
25-03,18 - Ter,17:38h,1.6m
25-03,18 - Ter,22:01h,0.1m
25-03,19 - Qua,01:57h,1.3m
25-03,19 - Qua,04:47h,0.9m
25-03,19 - Qua,06:55h,1.1m
25-03,19 - Qua,10:40h,0.3m
25-03,19 - Qua,18:19h,1.4m
25-03,19 - Qua,22:27h,0.3m
25-03,20 - Qui,02:17h,1.3m
25-03,20 - Qui,05:32h,0.8m
25-03,20 - Qui,07:49h,1.0m
25-03,20 - Qui,11:08h,0.4m
25-03,20 - Qui,19:10h,1.3m
25-03,20 - Qui,23:02h,0.4m
25-03,21 - Sex,02:46h,1.4m
25-03,21 - Sex,06:10h,0.7m
25-03,21 - Sex,08:47h,0.9m
25-03,21 - Sex,11:55h,0.6m
25-03,21 - Sex,15:04h,0.8m
25-03,21 - Sex,20:10h,1.3m
25-03,21 - Sex,23:38h,0.7m
25-03,22 - Sab,03:02h,1.3m
25-03,22 - Sab,06:46h,0.6m
25-03,22 - Sab,09:49h,1.0m
25-03,22 - Sab,13:02h,0.8m
25-03,22 - Sab,17:10h,0.6m
25-03,22 - Sab,21:12h,1.3m
25-03,23 - Dom,00:14h,0.9m
25-03,23 - Dom,03:14h,1.2m
25-03,23 - Dom,07:08h,0.5m
25-03,23 - Dom,10:55h,1.1m
25-03,23 - Dom,17:55h,0.4m
25-03,23 - Dom,22:14h,1.4m
25-03,24 - Seg,01:10h,1.1m
25-03,24 - Seg,03:12h,1.2m
25-03,24 - Seg,07:31h,0.4m
25-03,24 - Seg,11:57h,1.2m
25-03,24 - Seg,18:29h,0.2m
25-03,24 - Seg,23:17h,1.5m
25-03,25 - Ter,07:51h,0.4m
25-03,25 - Ter,12:47h,1.4m
25-03,25 - Ter,19:02h,0.0m
25-03,26 - Qua,00:23h,1.6m
25-03,26 - Qua,08:06h,0.4m
25-03,26 - Qua,13:34h,1.6m
25-03,26 - Qua,19:34h,-0.1m
25-03,27 - Qui,01:23h,1.8m
25-03,27 - Qui,07:51h,0.4m
25-03,27 - Qui,14:16h,1.7m
25-03,27 - Qui,20:01h,-0.1m
25-03,28 - Sex,02:12h,1.8m
25-03,28 - Sex,07:25h,0.3m
25-03,28 - Sex,15:01h,1.8m
25-03,28 - Sex,20:14h,-0.1m
25-03,29 - Sab,03:01h,1.9m
25-03,29 - Sab,07:42h,0.2m
25-03,29 - Sab,15:42h,1.9m
25-03,29 - Sab,20:23h,0.0m
25-03,30 - Dom,03:47h,1.8m
25-03,30 - Dom,08:04h,0.1m
25-03,30 - Dom,16:21h,1.9m
25-03,30 - Dom,20:44h,0.1m
25-03,31 - Seg,04:29h,1.6m
25-03,31 - Seg,08:38h,0.1m
25-03,31 - Seg,12:04h,0.9m
25-03,31 - Seg,17:04h,1.8m
25-03,31 - Seg,21:06h,0.2m
25-04,01 - Ter,00:12h,0.8m
25-04,01 - Ter,01:57h,0.7m
25-04,01 - Ter,05:14h,1.4m
25-04,01 - Ter,09:06h,0.0m
25-04,01 - Ter,12:40h,1.0m
25-04,01 - Ter,14:23h,0.9m
25-04,01 - Ter,17:53h,1.7m
25-04,01 - Ter,21:36h,0.4m
25-04,02 - Qua,00:55h,1.1m
25-04,02 - Qua,03:12h,0.8m
25-04,02 - Qua,06:06h,1.2m
25-04,02 - Qua,09:49h,0.1m
25-04,02 - Qua,13:16h,1.0m
25-04,02 - Qua,15:25h,0.8m
25-04,02 - Qua,18:44h,1.5m
25-04,02 - Qua,22:06h,0.5m
25-04,03 - Qui,01:31h,1.3m
25-04,03 - Qui,04:25h,0.7m
25-04,03 - Qui,07:02h,1.1m
25-04,03 - Qui,10:25h,0.2m
25-04,03 - Qui,14:01h,1.0m
25-04,03 - Qui,16:25h,0.7m
25-04,03 - Qui,19:42h,1.3m
25-04,03 - Qui,22:51h,0.7m
25-04,04 - Sex,02:08h,1.4m
25-04,04 - Sex,05:27h,0.6m
25-04,04 - Sex,08:06h,1.0m
25-04,04 - Sex,11:12h,0.4m
25-04,04 - Sex,14:44h,1.0m
25-04,04 - Sex,17:23h,0.6m
25-04,04 - Sex,20:55h,1.2m
25-04,04 - Sex,23:31h,0.9m
25-04,05 - Sab,02:53h,1.4m
25-04,05 - Sab,06:17h,0.6m
25-04,05 - Sab,09:12h,1.0m
25-04,05 - Sab,12:08h,0.5m
25-04,05 - Sab,15:14h,0.9m
25-04,05 - Sab,18:14h,0.5m
25-04,05 - Sab,22:08h,1.2m
25-04,06 - Dom,00:40h,1.1m
25-04,06 - Dom,03:25h,1.3m
25-04,06 - Dom,07:02h,0.6m
25-04,06 - Dom,10:17h,1.1m
25-04,06 - Dom,13:29h,0.7m
25-04,06 - Dom,15:53h,0.8m
25-04,06 - Dom,19:02h,0.4m
25-04,06 - Dom,23:23h,1.3m
25-04,07 - Seg,07:38h,0.6m
25-04,07 - Seg,11:14h,1.2m
25-04,07 - Seg,19:40h,0.4m
25-04,08 - Ter,00:21h,1.5m
25-04,08 - Ter,07:21h,0.7m
25-04,08 - Ter,12:04h,1.3m
25-04,08 - Ter,19:55h,0.4m
25-04,09 - Qua,01:08h,1.6m
25-04,09 - Qua,05:53h,0.4m
25-04,09 - Qua,12:51h,1.4m
25-04,09 - Qua,18:23h,0.3m
25-04,10 - Qui,01:51h,1.7m
25-04,10 - Qui,06:21h,0.2m
25-04,10 - Qui,13:25h,1.5m
25-04,10 - Qui,18:46h,0.2m
25-04,11 - Sex,02:27h,1.7m
25-04,11 - Sex,07:01h,0.0m
25-04,11 - Sex,14:04h,1.6m
25-04,11 - Sex,19:08h,0.1m
25-04,12 - Sab,03:04h,1.7m
25-04,12 - Sab,07:32h,-0.1m
25-04,12 - Sab,14:46h,1.7m
25-04,12 - Sab,19:38h,0.1m
25-04,13 - Dom,03:42h,1.6m
25-04,13 - Dom,08:04h,-0.1m
25-04,13 - Dom,15:21h,1.7m
25-04,13 - Dom,20:04h,0.0m
25-04,14 - Seg,04:14h,1.5m
25-04,14 - Seg,08:40h,-0.1m
25-04,14 - Seg,16:02h,1.7m
25-04,14 - Seg,20:31h,0.1m
25-04,15 - Ter,02:01h,1.1m
25-04,15 - Ter,04:55h,1.3m
25-04,15 - Ter,09:08h,0.0m
25-04,15 - Ter,16:40h,1.7m
25-04,15 - Ter,21:02h,0.1m
25-04,16 - Qua,01:02h,1.2m
25-04,16 - Qua,03:21h,1.0m
25-04,16 - Qua,05:38h,1.2m
25-04,16 - Qua,09:44h,0.1m
25-04,16 - Qua,17:16h,1.7m
25-04,16 - Qua,21:29h,0.2m
25-04,17 - Qui,01:25h,1.3m
25-04,17 - Qui,04:25h,0.9m
25-04,17 - Qui,06:27h,1.1m
25-04,17 - Qui,10:16h,0.3m
25-04,17 - Qui,18:01h,1.6m
25-04,17 - Qui,22:02h,0.3m
25-04,18 - Sex,01:55h,1.4m
25-04,18 - Sex,05:10h,0.8m
25-04,18 - Sex,07:21h,1.0m
25-04,18 - Sex,11:01h,0.4m
25-04,18 - Sex,18:46h,1.5m
25-04,18 - Sex,22:36h,0.4m
25-04,19 - Sab,02:14h,1.4m
25-04,19 - Sab,05:49h,0.7m
25-04,19 - Sab,08:21h,1.0m
25-04,19 - Sab,12:02h,0.6m
25-04,19 - Sab,19:36h,1.4m
25-04,19 - Sab,23:06h,0.6m
25-04,20 - Dom,02:34h,1.3m
25-04,20 - Dom,06:14h,0.5m
25-04,20 - Dom,09:21h,1.0m
25-04,20 - Dom,16:08h,0.5m
25-04,20 - Dom,20:36h,1.4m
25-04,20 - Dom,23:49h,0.8m
25-04,21 - Seg,02:49h,1.3m
25-04,21 - Seg,06:38h,0.4m
25-04,21 - Seg,10:21h,1.2m
25-04,21 - Seg,17:04h,0.4m
25-04,21 - Seg,21:38h,1.4m
25-04,22 - Ter,00:32h,1.1m
25-04,22 - Ter,02:55h,1.2m
25-04,22 - Ter,07:01h,0.4m
25-04,22 - Ter,11:16h,1.3m
25-04,22 - Ter,17:53h,0.2m
25-04,22 - Ter,22:46h,1.5m
25-04,23 - Qua,07:17h,0.3m
25-04,23 - Qua,12:04h,1.4m
25-04,23 - Qua,18:32h,0.1m
25-04,23 - Qua,23:55h,1.6m
25-04,24 - Qui,07:36h,0.4m
25-04,24 - Qui,12:51h,1.6m
25-04,24 - Qui,19:08h,0.0m
25-04,25 - Sex,00:59h,1.7m
25-04,25 - Sex,07:25h,0.4m
25-04,25 - Sex,13:38h,1.7m
25-04,25 - Sex,19:32h,0.1m
25-04,26 - Sab,01:51h,1.7m
25-04,26 - Sab,06:57h,0.3m
25-04,26 - Sab,14:25h,1.8m
25-04,26 - Sab,19:40h,0.1m
25-04,27 - Dom,02:38h,1.7m
25-04,27 - Dom,07:06h,0.2m
25-04,27 - Dom,15:12h,1.9m
25-04,27 - Dom,19:53h,0.2m
25-04,28 - Seg,03:17h,1.7m
25-04,28 - Seg,07:38h,0.1m
25-04,28 - Seg,16:02h,1.9m
25-04,28 - Seg,20:10h,0.3m
25-04,28 - Seg,23:06h,0.7m
25-04,29 - Ter,04:04h,1.5m
25-04,29 - Ter,08:06h,0.0m
25-04,29 - Ter,11:16h,0.8m
25-04,29 - Ter,12:53h,0.7m
25-04,29 - Ter,16:51h,1.9m
25-04,29 - Ter,20:44h,0.4m
25-04,29 - Ter,23:51h,1.0m
25-04,30 - Qua,01:55h,0.8m
25-04,30 - Qua,04:57h,1.3m
25-04,30 - Qua,08:49h,0.1m
25-04,30 - Qua,12:02h,0.8m
25-04,30 - Qua,13:55h,0.7m
25-04,30 - Qua,17:38h,1.7m
25-04,30 - Qua,21:12h,0.5m
25-05,01 - Qui,00:29h,1.2m
25-05,01 - Qui,03:06h,0.8m
25-05,01 - Qui,05:49h,1.2m
25-05,01 - Qui,09:25h,0.1m
25-05,01 - Qui,12:46h,0.9m
25-05,01 - Qui,14:53h,0.7m
25-05,01 - Qui,18:23h,1.6m
25-05,01 - Qui,21:57h,0.6m
25-05,02 - Sex,01:14h,1.4m
25-05,02 - Sex,04:14h,0.8m
25-05,02 - Sex,06:51h,1.0m
25-05,02 - Sex,10:12h,0.3m
25-05,02 - Sex,13:27h,0.9m
25-05,02 - Sex,15:51h,0.6m
25-05,02 - Sex,19:17h,1.4m
25-05,02 - Sex,22:38h,0.7m
25-05,03 - Sab,02:02h,1.5m
25-05,03 - Sab,05:14h,0.7m
25-05,03 - Sab,07:57h,1.0m
25-05,03 - Sab,11:06h,0.4m
25-05,03 - Sab,14:16h,0.8m
25-05,03 - Sab,16:49h,0.6m
25-05,03 - Sab,20:17h,1.3m
25-05,03 - Sab,23:25h,0.8m
25-05,04 - Dom,02:49h,1.4m
25-05,04 - Dom,06:04h,0.6m
25-05,04 - Dom,09:01h,1.0m
25-05,04 - Dom,12:12h,0.5m
25-05,04 - Dom,15:06h,0.8m
25-05,04 - Dom,17:46h,0.6m
25-05,04 - Dom,21:27h,1.3m
25-05,05 - Seg,00:29h,0.9m
25-05,05 - Seg,03:25h,1.2m
25-05,05 - Seg,06:46h,0.7m
25-05,05 - Seg,09:57h,1.1m
25-05,05 - Seg,13:23h,0.6m
25-05,05 - Seg,16:01h,0.8m
25-05,05 - Seg,18:36h,0.6m
25-05,05 - Seg,22:40h,1.3m
25-05,06 - Ter,02:12h,0.9m
25-05,06 - Ter,04:06h,1.0m
25-05,06 - Ter,07:06h,0.7m
25-05,06 - Ter,10:47h,1.2m
25-05,06 - Ter,14:44h,0.6m
25-05,06 - Ter,17:01h,0.7m
25-05,06 - Ter,19:16h,0.6m
25-05,06 - Ter,23:44h,1.4m
25-05,07 - Qua,04:32h,0.7m
25-05,07 - Qua,11:23h,1.3m
25-05,07 - Qua,16:02h,0.5m
25-05,07 - Qua,19:53h,0.6m
25-05,08 - Qui,00:38h,1.5m
25-05,08 - Qui,05:19h,0.4m
25-05,08 - Qui,12:02h,1.4m
25-05,08 - Qui,17:04h,0.5m
25-05,09 - Sex,01:21h,1.5m
25-05,09 - Sex,06:01h,0.2m
25-05,09 - Sex,12:42h,1.5m
25-05,09 - Sex,17:53h,0.4m
25-05,10 - Sab,02:02h,1.6m
25-05,10 - Sab,06:36h,0.0m
25-05,10 - Sab,13:19h,1.6m
25-05,10 - Sab,18:25h,0.3m
25-05,11 - Dom,02:40h,1.6m
25-05,11 - Dom,07:08h,0.0m
25-05,11 - Dom,14:06h,1.7m
25-05,11 - Dom,19:02h,0.2m
25-05,12 - Seg,03:10h,1.5m
25-05,12 - Seg,07:47h,0.0m
25-05,12 - Seg,14:55h,1.7m
25-05,12 - Seg,19:34h,0.2m
25-05,13 - Ter,03:49h,1.4m
25-05,13 - Ter,08:16h,0.0m
25-05,13 - Ter,15:40h,1.7m
25-05,13 - Ter,20:04h,0.2m
25-05,14 - Qua,00:08h,1.1m
25-05,14 - Qua,04:23h,1.3m
25-05,14 - Qua,08:55h,0.1m
25-05,14 - Qua,16:19h,1.7m
25-05,14 - Qua,20:40h,0.2m
25-05,15 - Qui,00:36h,1.2m
25-05,15 - Qui,02:59h,1.0m
25-05,15 - Qui,05:06h,1.2m
25-05,15 - Qui,09:29h,0.2m
25-05,15 - Qui,17:01h,1.7m
25-05,15 - Qui,21:08h,0.3m
25-05,16 - Sex,05:31h,0.5m
25-05,16 - Sex,09:00h,0.2m
25-05,16 - Sex,18:29h,0.5m
25-05,16 - Sex,23:27h,0.3m
25-05,17 - Sab,01:34h,1.3m
25-05,17 - Sab,04:47h,0.8m
25-05,17 - Sab,07:02h,1.0m
25-05,17 - Sab,11:10h,0.4m
25-05,17 - Sab,18:21h,1.6m
25-05,17 - Sab,22:16h,0.4m
25-05,18 - Dom,01:57h,1.3m
25-05,18 - Dom,05:16h,0.7m
25-05,18 - Dom,08:04h,1.0m
25-05,18 - Dom,13:10h,0.5m
25-05,18 - Dom,19:08h,1.5m
25-05,18 - Dom,22:57h,0.6m
25-05,19 - Seg,02:14h,1.3m
25-05,19 - Seg,05:49h,0.6m
25-05,19 - Seg,09:02h,1.1m
25-05,19 - Seg,15:10h,0.4m
25-05,19 - Seg,20:01h,1.5m
25-05,19 - Seg,23:32h,0.8m
25-05,20 - Ter,02:32h,1.2m
25-05,20 - Ter,06:10h,0.5m
25-05,20 - Ter,09:55h,1.2m
25-05,20 - Ter,16:14h,0.4m
25-05,20 - Ter,21:01h,1.4m
25-05,21 - Qua,00:14h,0.9m
25-05,21 - Qua,02:51h,1.2m
25-05,21 - Qua,06:36h,0.4m
25-05,21 - Qua,10:38h,1.3m
25-05,21 - Qua,17:10h,0.3m
25-05,21 - Qua,22:02h,1.4m
25-05,22 - Qui,06:59h,0.4m
25-05,22 - Qui,11:21h,1.5m
25-05,22 - Qui,18:02h,0.3m
25-05,22 - Qui,23:16h,1.4m
25-05,23 - Sex,07:21h,0.4m
25-05,23 - Sex,12:08h,1.6m
25-05,23 - Sex,18:49h,0.3m
25-05,24 - Sab,00:32h,1.5m
25-05,24 - Sab,07:31h,0.4m
25-05,24 - Sab,13:02h,1.7m
25-05,24 - Sab,19:32h,0.3m
25-05,25 - Dom,01:27h,1.5m
25-05,25 - Dom,06:23h,0.3m
25-05,25 - Dom,14:01h,1.7m
25-05,25 - Dom,19:14h,0.4m
25-05,26 - Seg,02:12h,1.6m
25-05,26 - Seg,06:47h,0.2m
25-05,26 - Seg,14:57h,1.8m
25-05,26 - Seg,19:19h,0.5m
25-05,26 - Seg,22:59h,0.6m
25-05,27 - Ter,03:01h,1.5m
25-05,27 - Ter,07:12h,0.1m
25-05,27 - Ter,10:06h,0.6m
25-05,27 - Ter,15:49h,1.8m
25-05,27 - Ter,19:55h,0.5m
25-05,27 - Ter,22:29h,0.8m
25-05,28 - Qua,00:14h,0.7m
25-05,28 - Qua,03:47h,1.4m
25-05,28 - Qua,07:55h,0.1m
25-05,28 - Qua,10:53h,0.6m
25-05,28 - Qua,12:19h,0.5m
25-05,28 - Qua,16:38h,1.8m
25-05,28 - Qua,20:25h,0.6m
25-05,28 - Qua,23:25h,1.0m
25-05,29 - Qui,01:34h,0.8m
25-05,29 - Qui,04:32h,1.3m
25-05,29 - Qui,08:32h,0.1m
25-05,29 - Qui,11:25h,0.7m
25-05,29 - Qui,13:17h,0.5m
25-05,29 - Qui,17:23h,1.8m
25-05,29 - Qui,21:06h,0.5m
25-05,30 - Sex,00:19h,1.2m
25-05,30 - Sex,02:55h,0.9m
25-05,30 - Sex,05:23h,1.2m
25-05,30 - Sex,09:16h,0.2m
25-05,30 - Sex,12:12h,0.7m
25-05,30 - Sex,14:12h,0.5m
25-05,30 - Sex,18:10h,1.7m
25-05,30 - Sex,21:53h,0.5m
25-05,31 - Sab,01:12h,1.3m
25-05,31 - Sab,04:04h,0.9m
25-05,31 - Sab,06:25h,1.1m
25-05,31 - Sab,10:08h,0.3m
25-05,31 - Sab,13:06h,0.7m
25-05,31 - Sab,15:04h,0.6m
25-05,31 - Sab,19:01h,1.6m
25-05,31 - Sab,22:34h,0.5m
25-06,01 - Dom,02:02h,1.4m
25-06,01 - Dom,05:04h,0.8m
25-06,01 - Dom,07:29h,1.1m
25-06,01 - Dom,11:02h,0.3m
25-06,01 - Dom,14:06h,0.8m
25-06,01 - Dom,16:01h,0.7m
25-06,01 - Dom,19:51h,1.4m
25-06,01 - Dom,23:17h,0.5m
25-06,02 - Seg,02:51h,1.4m
25-06,02 - Seg,05:53h,0.8m
25-06,02 - Seg,08:27h,1.1m
25-06,02 - Seg,12:02h,0.4m
25-06,02 - Seg,15:12h,0.8m
25-06,02 - Seg,17:01h,0.7m
25-06,02 - Seg,20:47h,1.3m
25-06,03 - Ter,00:08h,0.6m
25-06,03 - Ter,03:29h,1.2m
25-06,03 - Ter,06:21h,0.8m
25-06,03 - Ter,09:17h,1.2m
25-06,03 - Ter,13:01h,0.5m
25-06,03 - Ter,16:14h,0.8m
25-06,03 - Ter,18:04h,0.7m
25-06,03 - Ter,21:49h,1.2m
25-06,04 - Qua,01:14h,0.7m
25-06,04 - Qua,04:10h,1.0m
25-06,04 - Qua,06:49h,0.8m
25-06,04 - Qua,10:02h,1.3m
25-06,04 - Qua,13:57h,0.5m
25-06,04 - Qua,17:08h,0.8m
25-06,04 - Qua,22:55h,1.2m
25-06,05 - Qui,03:06h,0.7m
25-06,05 - Qui,05:06h,0.8m
25-06,05 - Qui,10:47h,1.3m
25-06,05 - Qui,14:55h,0.5m
25-06,05 - Qui,18:04h,0.8m
25-06,06 - Sex,00:01h,1.3m
25-06,06 - Sex,05:02h,0.5m
25-06,06 - Sex,11:21h,1.4m
25-06,06 - Sex,15:53h,0.5m
25-06,06 - Sex,19:02h,0.8m
25-06,07 - Sab,00:57h,1.3m
25-06,07 - Sab,05:49h,0.3m
25-06,07 - Sab,12:02h,1.5m
25-06,07 - Sab,16:49h,0.5m
25-06,07 - Sab,20:02h,0.8m
25-06,08 - Dom,01:40h,1.4m
25-06,08 - Dom,06:25h,0.2m
25-06,08 - Dom,12:47h,1.6m
25-06,08 - Dom,17:42h,0.5m
25-06,08 - Dom,21:57h,0.8m
25-06,09 - Seg,02:14h,1.4m
25-06,09 - Seg,07:02h,0.1m
25-06,09 - Seg,13:34h,1.6m
25-06,09 - Seg,18:23h,0.5m
25-06,10 - Ter,02:51h,1.4m
25-06,10 - Ter,07:38h,0.0m
25-06,10 - Ter,14:23h,1.7m
25-06,10 - Ter,19:06h,0.4m
25-06,11 - Qua,03:23h,1.4m
25-06,11 - Qua,08:10h,0.0m
25-06,11 - Qua,15:14h,1.7m
25-06,11 - Qua,19:49h,0.4m
25-06,12 - Qui,00:53h,1.0m
25-06,12 - Qui,04:02h,1.4m
25-06,12 - Qui,08:51h,0.1m
25-06,12 - Qui,16:02h,1.8m
25-06,12 - Qui,20:21h,0.4m
25-06,13 - Sex,00:14h,1.1m
25-06,13 - Sex,02:02h,1.0m
25-06,13 - Sex,04:51h,1.3m
25-06,13 - Sex,09:29h,0.1m
25-06,13 - Sex,16:47h,1.8m
25-06,13 - Sex,21:01h,0.3m
25-06,14 - Sab,00:53h,1.2m
25-06,14 - Sab,03:06h,1.0m
25-06,14 - Sab,05:44h,1.2m
25-06,14 - Sab,10:14h,0.2m
25-06,14 - Sab,17:25h,1.8m
25-06,14 - Sab,21:38h,0.4m
25-06,15 - Dom,01:17h,1.2m
25-06,15 - Dom,04:02h,0.9m
25-06,15 - Dom,06:40h,1.1m
25-06,15 - Dom,11:08h,0.3m
25-06,15 - Dom,18:06h,1.7m
25-06,15 - Dom,22:08h,0.4m
25-06,16 - Seg,01:04h,1.3m
25-06,16 - Seg,04:01h,0.9m
25-06,16 - Seg,06:02h,1.1m
25-06,16 - Seg,10:12h,0.3m
25-06,16 - Seg,17:44h,1.7m
25-06,16 - Seg,21:47h,0.3m
25-06,17 - Ter,02:10h,1.2m
25-06,17 - Ter,05:17h,0.7m
25-06,17 - Ter,08:23h,1.2m
25-06,17 - Ter,13:51h,0.4m
25-06,17 - Ter,19:38h,1.5m
25-06,17 - Ter,23:19h,0.6m
25-06,18 - Qua,02:34h,1.2m
25-06,18 - Qua,05:53h,0.6m
25-06,18 - Qua,09:12h,1.3m
25-06,18 - Qua,15:23h,0.4m
25-06,18 - Qua,20:27h,1.4m
25-06,19 - Qui,00:02h,0.7m
25-06,19 - Qui,02:59h,1.1m
25-06,19 - Qui,06:16h,0.5m
25-06,19 - Qui,10:02h,1.4m
25-06,19 - Qui,16:38h,0.5m
25-06,19 - Qui,21:27h,1.3m
25-06,20 - Sex,00:55h,0.8m
25-06,20 - Sex,03:16h,1.0m
25-06,20 - Sex,06:51h,0.5m
25-06,20 - Sex,10:53h,1.4m
25-06,20 - Sex,18:06h,0.5m
25-06,20 - Sex,22:46h,1.2m
25-06,21 - Sab,07:19h,0.4m
25-06,21 - Sab,11:46h,1.5m
25-06,21 - Sab,19:32h,0.5m
25-06,22 - Dom,00:04h,1.3m
25-06,22 - Dom,07:57h,0.4m
25-06,22 - Dom,12:42h,1.6m
25-06,22 - Dom,20:47h,0.5m
25-06,23 - Seg,01:06h,1.4m
25-06,23 - Seg,08:40h,0.4m
25-06,23 - Seg,13:42h,1.7m
25-06,23 - Seg,21:55h,0.6m
25-06,24 - Ter,02:01h,1.4m
25-06,24 - Ter,06:40h,0.3m
25-06,24 - Ter,09:44h,0.4m
25-06,24 - Ter,14:42h,1.7m
25-06,24 - Ter,19:19h,0.7m
25-06,24 - Ter,22:55h,0.6m
25-06,25 - Qua,02:46h,1.5m
25-06,25 - Qua,07:10h,0.2m
25-06,25 - Qua,10:51h,0.4m
25-06,25 - Qua,15:36h,1.8m
25-06,25 - Qua,19:53h,0.7m
25-06,25 - Qua,22:10h,0.8m
25-06,26 - Qui,03:25h,1.4m
25-06,26 - Qui,07:55h,0.2m
25-06,26 - Qui,10:17h,0.5m
25-06,26 - Qui,11:51h,0.4m
25-06,26 - Qui,16:23h,1.8m
25-06,26 - Qui,20:25h,0.6m
25-06,27 - Sex,01:01h,0.9m
25-06,27 - Sex,04:08h,1.4m
25-06,27 - Sex,08:34h,0.2m
25-06,27 - Sex,11:08h,0.5m
25-06,27 - Sex,12:47h,0.4m
25-06,27 - Sex,17:10h,1.8m
25-06,27 - Sex,21:04h,0.4m
25-06,28 - Sab,00:40h,1.1m
25-06,28 - Sab,02:12h,1.0m
25-06,28 - Sab,04:57h,1.3m
25-06,28 - Sab,09:14h,0.2m
25-06,28 - Sab,12:04h,0.6m
25-06,28 - Sab,13:38h,0.5m
25-06,28 - Sab,17:57h,1.8m
25-06,28 - Sab,21:47h,0.3m
25-06,29 - Dom,01:23h,1.3m
25-06,29 - Dom,03:44h,1.1m
25-06,29 - Dom,05:51h,1.2m
25-06,29 - Dom,10:01h,0.2m
25-06,29 - Dom,13:06h,0.7m
25-06,29 - Dom,14:23h,0.6m
25-06,29 - Dom,18:38h,1.6m
25-06,29 - Dom,22:23h,0.3m
25-06,30 - Seg,02:08h,1.4m
25-06,30 - Seg,04:53h,1.1m
25-06,30 - Seg,06:49h,1.2m
25-06,30 - Seg,10:49h,0.2m
25-06,30 - Seg,14:12h,0.8m
25-06,30 - Seg,15:17h,0.7m
25-06,30 - Seg,19:17h,1.5m
25-06,30 - Seg,23:04h,0.3m
25-07,01 - Ter,02:53h,1.4m
25-07,01 - Ter,05:38h,1.0m
25-07,01 - Ter,07:46h,1.1m
25-07,01 - Ter,11:29h,0.3m
25-07,01 - Ter,15:14h,0.9m
25-07,01 - Ter,16:36h,0.8m
25-07,01 - Ter,20:02h,1.3m
25-07,01 - Ter,23:47h,0.4m
25-07,02 - Qua,03:23h,1.3m
25-07,02 - Qua,06:04h,0.9m
25-07,02 - Qua,08:38h,1.2m
25-07,02 - Qua,12:14h,0.4m
25-07,02 - Qua,16:02h,1.0m
25-07,02 - Qua,17:55h,0.9m
25-07,02 - Qua,20:57h,1.2m
25-07,03 - Qui,00:27h,0.5m
25-07,03 - Qui,04:01h,1.1m
25-07,03 - Qui,06:21h,0.9m
25-07,03 - Qui,09:21h,1.2m
25-07,03 - Qui,13:04h,0.5m
25-07,03 - Qui,16:46h,1.0m
25-07,03 - Qui,19:02h,0.8m
25-07,03 - Qui,21:57h,1.1m
25-07,04 - Sex,01:25h,0.7m
25-07,04 - Sex,04:16h,0.9m
25-07,04 - Sex,06:27h,0.8m
25-07,04 - Sex,10:04h,1.3m
25-07,04 - Sex,13:57h,0.6m
25-07,04 - Sex,17:16h,1.0m
25-07,04 - Sex,20:01h,0.8m
25-07,04 - Sex,23:10h,1.1m
25-07,05 - Sab,06:21h,0.6m
25-07,05 - Sab,10:53h,1.4m
25-07,05 - Sab,14:49h,0.6m
25-07,05 - Sab,17:59h,1.0m
25-07,05 - Sab,20:47h,0.8m
25-07,06 - Dom,00:29h,1.2m
25-07,06 - Dom,06:25h,0.4m
25-07,06 - Dom,11:32h,1.4m
25-07,06 - Dom,15:47h,0.7m
25-07,06 - Dom,18:42h,0.9m
25-07,06 - Dom,21:17h,0.8m
25-07,07 - Seg,01:16h,1.3m
25-07,07 - Seg,06:47h,0.3m
25-07,07 - Seg,12:14h,1.5m
25-07,07 - Seg,16:53h,0.7m
25-07,07 - Seg,19:29h,0.9m
25-07,07 - Seg,21:55h,0.8m
25-07,08 - Ter,01:57h,1.4m
25-07,08 - Ter,07:14h,0.1m
25-07,08 - Ter,13:04h,1.6m
25-07,08 - Ter,18:02h,0.7m
25-07,08 - Ter,20:55h,0.8m
25-07,09 - Qua,02:31h,1.4m
25-07,09 - Qua,07:47h,0.0m
25-07,09 - Qua,14:01h,1.7m
25-07,09 - Qua,19:01h,0.6m
25-07,10 - Qui,03:06h,1.5m
25-07,10 - Qui,08:14h,0.0m
25-07,10 - Qui,14:55h,1.7m
25-07,10 - Qui,19:46h,0.5m
25-07,11 - Sex,03:47h,1.5m
25-07,11 - Sex,08:51h,0.0m
25-07,11 - Sex,15:46h,1.8m
25-07,11 - Sex,20:17h,0.4m
25-07,12 - Sab,04:27h,1.4m
25-07,12 - Sab,09:21h,0.0m
25-07,12 - Sab,16:31h,1.8m
25-07,12 - Sab,20:57h,0.3m
25-07,13 - Dom,02:01h,1.0m
25-07,13 - Dom,05:10h,1.4m
25-07,13 - Dom,09:59h,0.1m
25-07,13 - Dom,17:10h,1.8m
25-07,13 - Dom,21:25h,0.3m
25-07,14 - Seg,01:12h,1.1m
25-07,14 - Seg,03:04h,1.0m
25-07,14 - Seg,06:01h,1.3m
25-07,14 - Seg,10:31h,0.2m
25-07,14 - Seg,17:55h,1.8m
25-07,14 - Seg,22:01h,0.3m
25-07,15 - Ter,01:46h,1.2m
25-07,15 - Ter,04:04h,1.0m
25-07,15 - Ter,06:55h,1.3m
25-07,15 - Ter,11:10h,0.3m
25-07,15 - Ter,18:34h,1.7m
25-07,15 - Ter,22:34h,0.3m
25-07,16 - Qua,01:49h,1.3m
25-07,16 - Qua,04:47h,0.8m
25-07,16 - Qua,07:32h,1.1m
25-07,16 - Qua,12:17h,0.3m
25-07,16 - Qua,18:53h,1.6m
25-07,16 - Qua,22:49h,0.5m
25-07,17 - Qui,02:38h,1.2m
25-07,17 - Qui,05:29h,0.8m
25-07,17 - Qui,08:36h,1.3m
25-07,17 - Qui,12:34h,0.6m
25-07,17 - Qui,20:04h,1.3m
25-07,17 - Qui,23:46h,0.5m
25-07,18 - Sex,03:02h,1.2m
25-07,18 - Sex,06:04h,0.6m
25-07,18 - Sex,09:31h,1.3m
25-07,18 - Sex,13:31h,0.7m
25-07,18 - Sex,21:04h,1.2m
25-07,19 - Sab,00:21h,0.6m
25-07,19 - Sab,03:31h,1.1m
25-07,19 - Sab,06:46h,0.5m
25-07,19 - Sab,10:29h,1.4m
25-07,19 - Sab,15:59h,0.9m
25-07,19 - Sab,18:55h,0.6m
25-07,19 - Sab,22:21h,1.1m
25-07,20 - Dom,01:16h,0.8m
25-07,20 - Dom,03:51h,0.9m
25-07,20 - Dom,07:14h,0.4m
25-07,20 - Dom,11:29h,1.4m
25-07,20 - Dom,19:59h,0.6m
25-07,20 - Dom,23:53h,1.1m
25-07,21 - Seg,07:57h,0.3m
25-07,21 - Seg,12:31h,1.5m
25-07,21 - Seg,20:57h,0.6m
25-07,22 - Ter,00:59h,1.3m
25-07,22 - Ter,08:36h,0.3m
25-07,22 - Ter,13:32h,1.6m
25-07,22 - Ter,21:46h,0.6m
25-07,23 - Qua,01:49h,1.4m
25-07,23 - Qua,09:10h,0.3m
25-07,23 - Qua,14:29h,1.7m
25-07,23 - Qua,22:21h,0.7m
25-07,24 - Qui,02:27h,1.5m
25-07,24 - Qui,07:34h,0.2m
25-07,24 - Qui,15:21h,1.8m
25-07,24 - Qui,19:55h,0.6m
25-07,25 - Sex,03:06h,1.5m
25-07,25 - Sex,08:01h,0.1m
25-07,25 - Sex,16:08h,1.9m
25-07,25 - Sex,20:19h,0.4m
25-07,26 - Sab,03:49h,1.5m
25-07,26 - Sab,08:29h,0.1m
25-07,26 - Sab,16:53h,1.8m
25-07,26 - Sab,20:59h,0.2m
25-07,27 - Dom,04:21h,1.5m
25-07,27 - Dom,09:02h,0.1m
25-07,27 - Dom,17:32h,1.8m
25-07,27 - Dom,21:31h,0.1m
25-07,28 - Seg,03:02h,1.3m
25-07,28 - Seg,04:59h,1.4m
25-07,28 - Seg,09:40h,0.1m
25-07,28 - Seg,18:08h,1.7m
25-07,28 - Seg,22:06h,0.1m
25-07,29 - Ter,02:16h,1.4m
25-07,29 - Ter,04:19h,1.3m
25-07,29 - Ter,10:12h,0.1m
25-07,29 - Ter,15:02h,0.9m
25-07,29 - Ter,18:51h,1.5m
25-07,29 - Ter,22:46h,0.1m
25-07,30 - Qua,02:53h,1.4m
25-07,30 - Qua,05:14h,1.2m
25-07,30 - Qua,10:55h,0.2m
25-07,30 - Qua,14:47h,1.0m
25-07,30 - Qua,16:23h,0.9m
25-07,30 - Qua,19:29h,1.3m
25-07,30 - Qua,23:14h,0.2m
25-07,31 - Qui,03:12h,1.3m
25-07,31 - Qui,05:46h,1.1m
25-07,31 - Qui,07:40h,1.2m
25-07,31 - Qui,11:29h,0.3m
25-07,31 - Qui,15:19h,1.1m
25-07,31 - Qui,17:46h,0.9m
25-07,31 - Qui,20:10h,1.1m
25-07,31 - Qui,23:55h,0.4m
25-08,01 - Sex,03:36h,1.1m
25-08,01 - Sex,05:59h,0.9m
25-08,01 - Sex,08:36h,1.2m
25-08,01 - Sex,12:08h,0.5m
25-08,01 - Sex,15:57h,1.1m
25-08,01 - Sex,18:51h,0.9m
25-08,01 - Sex,21:04h,1.0m
25-08,02 - Sab,00:25h,0.6m
25-08,02 - Sab,03:49h,1.0m
25-08,02 - Sab,06:04h,0.8m
25-08,02 - Sab,09:27h,1.2m
25-08,02 - Sab,12:57h,0.6m
25-08,02 - Sab,16:25h,1.2m
25-08,02 - Sab,19:42h,0.8m
25-08,02 - Sab,22:12h,1.0m
25-08,03 - Dom,01:16h,0.8m
25-08,03 - Dom,06:16h,0.6m
25-08,03 - Dom,10:14h,1.3m
25-08,03 - Dom,13:47h,0.7m
25-08,03 - Dom,17:01h,1.1m
25-08,03 - Dom,20:16h,0.7m
25-08,03 - Dom,23:53h,1.0m
25-08,04 - Seg,06:36h,0.4m
25-08,04 - Seg,11:02h,1.4m
25-08,04 - Seg,14:47h,0.8m
25-08,04 - Seg,17:25h,1.0m
25-08,04 - Seg,20:53h,0.7m
25-08,05 - Ter,00:59h,1.2m
25-08,05 - Ter,06:57h,0.2m
25-08,05 - Ter,11:53h,1.5m
25-08,05 - Ter,16:08h,0.9m
25-08,05 - Ter,21:14h,0.7m
25-08,06 - Qua,01:38h,1.3m
25-08,06 - Qua,07:16h,0.1m
25-08,06 - Qua,12:40h,1.6m
25-08,06 - Qua,21:32h,0.7m
25-08,07 - Qui,02:10h,1.5m
25-08,07 - Qui,07:44h,-0.1m
25-08,07 - Qui,13:32h,1.7m
25-08,07 - Qui,19:32h,0.6m
25-08,08 - Sex,02:51h,1.6m
25-08,08 - Sex,08:06h,-0.1m
25-08,08 - Sex,14:31h,1.7m
25-08,08 - Sex,19:53h,0.5m
25-08,09 - Sab,03:25h,1.6m
25-08,09 - Sab,08:34h,-0.2m
25-08,09 - Sab,15:23h,1.8m
25-08,09 - Sab,20:12h,0.4m
25-08,10 - Dom,04:02h,1.6m
25-08,10 - Dom,09:01h,-0.1m
25-08,10 - Dom,16:10h,1.9m
25-08,10 - Dom,20:46h,0.3m
25-08,11 - Seg,04:44h,1.6m
25-08,11 - Seg,09:23h,-0.1m
25-08,11 - Seg,16:57h,1.8m
25-08,11 - Seg,21:08h,0.2m
25-08,12 - Ter,05:23h,1.5m
25-08,12 - Ter,09:55h,0.1m
25-08,12 - Ter,17:38h,1.7m
25-08,12 - Ter,21:44h,0.2m
25-08,13 - Qua,01:38h,1.2m
25-08,13 - Qua,03:10h,1.1m
25-08,13 - Qua,06:08h,1.5m
25-08,13 - Qua,10:17h,0.2m
25-08,13 - Qua,18:16h,1.6m
25-08,13 - Qua,22:10h,0.2m
25-08,14 - Qui,02:01h,1.2m
25-08,14 - Qui,04:12h,1.0m
25-08,14 - Qui,07:02h,1.4m
25-08,14 - Qui,10:57h,0.4m
25-08,14 - Qui,14:02h,0.8m
25-08,14 - Qui,15:19h,0.7m
25-08,14 - Qui,19:01h,1.4m
25-08,14 - Qui,22:49h,0.2m
25-08,15 - Sex,02:25h,1.2m
25-08,15 - Sex,05:04h,0.8m
25-08,15 - Sex,08:01h,1.3m
25-08,15 - Sex,11:25h,0.6m
25-08,15 - Sex,14:29h,0.9m
25-08,15 - Sex,16:49h,0.7m
25-08,15 - Sex,19:53h,1.2m
25-08,15 - Sex,23:17h,0.3m
25-08,16 - Sab,02:55h,1.2m
25-08,16 - Sab,05:55h,0.7m
25-08,16 - Sab,09:04h,1.2m
25-08,16 - Sab,12:08h,0.8m
25-08,16 - Sab,15:02h,1.1m
25-08,16 - Sab,18:01h,0.7m
25-08,16 - Sab,20:55h,1.0m
25-08,17 - Dom,00:02h,0.5m
25-08,17 - Dom,03:17h,1.1m
25-08,17 - Dom,06:29h,0.5m
25-08,17 - Dom,10:14h,1.3m
25-08,17 - Dom,13:12h,1.0m
25-08,17 - Dom,15:38h,1.1m
25-08,17 - Dom,19:02h,0.6m
25-08,17 - Dom,22:10h,1.0m
25-08,18 - Seg,00:57h,0.7m
25-08,18 - Seg,03:40h,1.0m
25-08,18 - Seg,07:06h,0.3m
25-08,18 - Seg,11:23h,1.4m
25-08,18 - Seg,15:55h,1.1m
25-08,18 - Seg,19:59h,0.6m
25-08,18 - Seg,23:40h,1.1m
25-08,19 - Ter,07:46h,0.2m
25-08,19 - Ter,12:27h,1.5m
25-08,19 - Ter,20:42h,0.6m
25-08,20 - Qua,00:46h,1.2m
25-08,20 - Qua,08:12h,0.2m
25-08,20 - Qua,13:21h,1.6m
25-08,20 - Qua,21:08h,0.6m
25-08,21 - Qui,01:29h,1.4m
25-08,21 - Qui,08:31h,0.2m
25-08,21 - Qui,14:12h,1.7m
25-08,21 - Qui,19:10h,0.6m
25-08,22 - Sex,02:08h,1.5m
25-08,22 - Sex,07:29h,0.1m
25-08,22 - Sex,15:02h,1.8m
25-08,22 - Sex,19:32h,0.3m
25-08,23 - Sab,02:49h,1.6m
25-08,23 - Sab,07:49h,0.0m
25-08,23 - Sab,15:47h,1.8m
25-08,23 - Sab,20:04h,0.1m
25-08,24 - Dom,03:17h,1.6m
25-08,24 - Dom,08:08h,0.0m
25-08,24 - Dom,16:27h,1.8m
25-08,24 - Dom,20:40h,0.0m
25-08,25 - Seg,03:51h,1.6m
25-08,25 - Seg,08:42h,-0.1m
25-08,25 - Seg,17:04h,1.7m
25-08,25 - Seg,21:08h,-0.1m
25-08,26 - Ter,04:16h,1.6m
25-08,26 - Ter,09:06h,0.0m
25-08,26 - Ter,17:46h,1.6m
25-08,26 - Ter,21:47h,-0.1m
25-08,27 - Qua,04:44h,1.5m
25-08,27 - Qua,09:44h,0.0m
25-08,27 - Qua,13:36h,1.0m
25-08,27 - Qua,18:19h,1.4m
25-08,27 - Qua,22:14h,0.0m
25-08,28 - Qui,04:04h,1.3m
25-08,28 - Qui,05:27h,1.4m
25-08,28 - Qui,10:10h,0.1m
25-08,28 - Qui,14:04h,1.2m
25-08,28 - Qui,16:17h,1.0m
25-08,28 - Qui,18:59h,1.2m
25-08,28 - Qui,22:53h,0.2m
25-08,29 - Sex,03:10h,1.2m
25-08,29 - Sex,06:34h,1.3m
25-08,29 - Sex,10:49h,0.3m
25-08,29 - Sex,14:40h,1.2m
25-08,29 - Sex,17:25h,0.9m
25-08,29 - Sex,19:46h,1.1m
25-08,29 - Sex,23:17h,0.4m
25-08,30 - Sab,03:12h,1.1m
25-08,30 - Sab,05:04h,1.0m
25-08,30 - Sab,07:46h,1.2m
25-08,30 - Sab,11:19h,0.5m
25-08,30 - Sab,15:08h,1.3m
25-08,30 - Sab,18:21h,0.8m
25-08,30 - Sab,20:38h,1.0m
25-08,30 - Sab,23:55h,0.5m
25-08,31 - Dom,03:08h,1.0m
25-08,31 - Dom,05:25h,0.8m
25-08,31 - Dom,08:47h,1.2m
25-08,31 - Dom,12:02h,0.6m
25-08,31 - Dom,15:42h,1.3m
25-08,31 - Dom,19:06h,0.7m
25-08,31 - Dom,21:46h,0.9m
25-09,01 - Seg,00:27h,0.8m
25-09,01 - Seg,02:53h,0.9m
25-09,01 - Seg,05:53h,0.6m
25-09,01 - Seg,09:42h,1.3m
25-09,01 - Seg,12:51h,0.8m
25-09,01 - Seg,16:02h,1.2m
25-09,01 - Seg,19:46h,0.6m
25-09,01 - Seg,23:06h,1.0m
25-09,02 - Ter,06:10h,0.3m
25-09,02 - Ter,10:31h,1.4m
25-09,02 - Ter,13:53h,0.9m
25-09,02 - Ter,16:16h,1.1m
25-09,02 - Ter,20:06h,0.6m
25-09,03 - Qua,00:29h,1.2m
25-09,03 - Qua,06:36h,0.2m
25-09,03 - Qua,11:19h,1.5m
25-09,03 - Qua,20:27h,0.6m
25-09,04 - Qui,01:10h,1.4m
25-09,04 - Qui,07:01h,0.0m
25-09,04 - Qui,12:12h,1.6m
25-09,04 - Qui,20:36h,0.5m
25-09,05 - Sex,01:49h,1.5m
25-09,05 - Sex,07:23h,-0.1m
25-09,05 - Sex,13:08h,1.7m
25-09,05 - Sex,20:04h,0.5m
25-09,06 - Sab,02:23h,1.7m
25-09,06 - Sab,07:49h,-0.2m
25-09,06 - Sab,14:06h,1.8m
25-09,06 - Sab,19:46h,0.4m
25-09,07 - Dom,03:01h,1.8m
25-09,07 - Dom,08:08h,-0.2m
25-09,07 - Dom,15:02h,1.8m
25-09,07 - Dom,19:59h,0.3m
25-09,08 - Seg,03:36h,1.8m
25-09,08 - Seg,08:27h,-0.2m
25-09,08 - Seg,15:53h,1.8m
25-09,08 - Seg,20:16h,0.2m
25-09,09 - Ter,04:12h,1.8m
25-09,09 - Ter,08:53h,-0.1m
25-09,09 - Ter,16:36h,1.8m
25-09,09 - Ter,20:51h,0.1m
25-09,10 - Qua,04:57h,1.7m
25-09,10 - Qua,09:12h,0.1m
25-09,10 - Qua,17:14h,1.6m
25-09,10 - Qua,21:14h,0.1m
25-09,11 - Qui,01:14h,1.1m
25-09,11 - Qui,05:42h,1.6m
25-09,11 - Qui,09:44h,0.2m
25-09,11 - Qui,12:59h,0.8m
25-09,11 - Qui,14:36h,0.7m
25-09,11 - Qui,18:01h,1.5m
25-09,11 - Qui,21:53h,0.1m
25-09,12 - Sex,01:38h,1.1m
25-09,12 - Sex,03:42h,1.0m
25-09,12 - Sex,06:31h,1.4m
25-09,12 - Sex,10:08h,0.4m
25-09,12 - Sex,13:21h,1.0m
25-09,12 - Sex,15:51h,0.8m
25-09,12 - Sex,18:49h,1.3m
25-09,12 - Sex,22:21h,0.1m
25-09,13 - Sab,02:02h,1.2m
25-09,13 - Sab,04:40h,0.8m
25-09,13 - Sab,07:34h,1.3m
25-09,13 - Sab,10:51h,0.7m
25-09,13 - Sab,14:01h,1.2m
25-09,13 - Sab,16:59h,0.7m
25-09,13 - Sab,19:44h,1.1m
25-09,13 - Sab,23:02h,0.3m
25-09,14 - Dom,02:34h,1.1m
25-09,14 - Dom,05:25h,0.6m
25-09,14 - Dom,08:47h,1.2m
25-09,14 - Dom,11:25h,0.9m
25-09,14 - Dom,14:40h,1.3m
25-09,14 - Dom,18:01h,0.6m
25-09,14 - Dom,20:51h,1.0m
25-09,14 - Dom,23:49h,0.5m
25-09,15 - Seg,03:01h,1.0m
25-09,15 - Seg,06:08h,0.4m
25-09,15 - Seg,10:02h,1.3m
25-09,15 - Seg,12:25h,1.1m
25-09,15 - Seg,15:12h,1.3m
25-09,15 - Seg,18:57h,0.6m
25-09,15 - Seg,22:04h,1.0m
25-09,16 - Ter,04:02h,0.2m
25-09,16 - Ter,14:58h,0.4m
25-09,16 - Ter,16:56h,0.3m
25-09,17 - Qua,07:23h,0.2m
25-09,17 - Qua,12:16h,1.5m
25-09,17 - Qua,20:10h,0.6m
25-09,18 - Qui,00:16h,1.3m
25-09,18 - Qui,07:53h,0.2m
25-09,18 - Qui,13:04h,1.6m
25-09,18 - Qui,18:25h,0.6m
25-09,19 - Sex,01:04h,1.5m
25-09,19 - Sex,07:14h,0.2m
25-09,19 - Sex,13:49h,1.7m
25-09,19 - Sex,18:32h,0.4m
25-09,20 - Sab,01:46h,1.6m
25-09,20 - Sab,06:59h,0.1m
25-09,20 - Sab,14:32h,1.8m
25-09,20 - Sab,19:04h,0.1m
25-09,21 - Dom,02:16h,1.7m
25-09,21 - Dom,07:14h,0.0m
25-09,21 - Dom,15:16h,1.8m
25-09,21 - Dom,19:42h,0.0m
25-09,22 - Seg,02:51h,1.7m
25-09,22 - Seg,07:44h,-0.1m
25-09,22 - Seg,15:59h,1.7m
25-09,22 - Seg,20:12h,-0.1m
25-09,23 - Ter,03:17h,1.7m
25-09,23 - Ter,08:08h,-0.1m
25-09,23 - Ter,16:40h,1.6m
25-09,23 - Ter,20:51h,-0.1m
25-09,24 - Qua,03:51h,1.7m
25-09,24 - Qua,08:42h,-0.1m
25-09,24 - Qua,13:59h,1.0m
25-09,24 - Qua,17:14h,1.5m
25-09,24 - Qua,21:19h,-0.1m
25-09,25 - Qui,04:23h,1.6m
25-09,25 - Qui,09:06h,0.0m
25-09,25 - Qui,13:04h,1.2m
25-09,25 - Qui,15:06h,1.0m
25-09,25 - Qui,17:55h,1.3m
25-09,25 - Qui,21:55h,0.0m
25-09,26 - Sex,05:04h,1.5m
25-09,26 - Sex,09:42h,0.1m
25-09,26 - Sex,13:34h,1.3m
25-09,26 - Sex,16:08h,1.0m
25-09,26 - Sex,18:32h,1.2m
25-09,26 - Sex,22:21h,0.2m
25-09,27 - Sab,05:59h,1.4m
25-09,27 - Sab,10:08h,0.3m
25-09,27 - Sab,14:02h,1.3m
25-09,27 - Sab,17:08h,0.9m
25-09,27 - Sab,19:14h,1.0m
25-09,27 - Sab,22:59h,0.3m
25-09,28 - Dom,06:59h,1.3m
25-09,28 - Dom,10:49h,0.4m
25-09,28 - Dom,14:34h,1.4m
25-09,28 - Dom,18:01h,0.8m
25-09,28 - Dom,20:10h,1.0m
25-09,28 - Dom,23:32h,0.5m
25-09,29 - Seg,02:55h,0.8m
25-09,29 - Seg,08:01h,1.2m
25-09,29 - Seg,11:19h,0.6m
25-09,29 - Seg,15:01h,1.3m
25-09,29 - Seg,18:38h,0.7m
25-09,29 - Seg,21:14h,1.0m
25-09,30 - Ter,00:19h,0.7m
25-09,30 - Ter,02:14h,0.8m
25-09,30 - Ter,05:04h,0.6m
25-09,30 - Ter,09:01h,1.3m
25-09,30 - Ter,12:04h,0.8m
25-09,30 - Ter,15:16h,1.2m
25-09,30 - Ter,19:04h,0.6m
25-09,30 - Ter,22:27h,1.1m
25-10,01 - Qua,05:38h,0.4m
25-10,01 - Qua,09:57h,1.4m
25-10,01 - Qua,13:02h,1.0m
25-10,01 - Qua,15:23h,1.1m
25-10,01 - Qua,19:25h,0.5m
25-10,01 - Qua,23:38h,1.2m
25-10,02 - Qui,06:02h,0.1m
25-10,02 - Qui,10:51h,1.5m
25-10,02 - Qui,19:44h,0.5m
25-10,03 - Sex,00:31h,1.4m
25-10,03 - Sex,06:32h,0.0m
25-10,03 - Sex,11:46h,1.6m
25-10,03 - Sex,19:53h,0.4m
25-10,04 - Sab,01:12h,1.6m
25-10,04 - Sab,06:59h,-0.1m
25-10,04 - Sab,12:42h,1.7m
25-10,04 - Sab,19:44h,0.4m
25-10,05 - Dom,01:51h,1.7m
25-10,05 - Dom,07:19h,-0.2m
25-10,05 - Dom,13:42h,1.7m
25-10,05 - Dom,19:21h,0.4m
25-10,06 - Seg,02:27h,1.9m
25-10,06 - Seg,07:40h,-0.2m
25-10,06 - Seg,14:36h,1.8m
25-10,06 - Seg,19:27h,0.3m
25-10,07 - Ter,03:06h,1.9m
25-10,07 - Ter,07:59h,-0.1m
25-10,07 - Ter,15:21h,1.7m
25-10,07 - Ter,19:55h,0.2m
25-10,08 - Qua,03:49h,1.9m
25-10,08 - Qua,08:14h,0.1m
25-10,08 - Qua,16:08h,1.7m
25-10,08 - Qua,20:16h,0.1m
25-10,09 - Qui,04:31h,1.8m
25-10,09 - Qui,08:44h,0.2m
25-10,09 - Qui,11:59h,0.8m
25-10,09 - Qui,13:17h,0.7m
25-10,09 - Qui,16:57h,1.5m
25-10,09 - Qui,20:55h,0.0m
25-10,10 - Sex,00:25h,0.9m
25-10,10 - Sex,05:17h,1.7m
25-10,10 - Sex,09:08h,0.3m
25-10,10 - Sex,12:17h,1.0m
25-10,10 - Sex,14:42h,0.7m
25-10,10 - Sex,17:46h,1.4m
25-10,10 - Sex,21:25h,0.1m
25-10,11 - Sab,01:01h,1.0m
25-10,11 - Sab,02:57h,0.8m
25-10,11 - Sab,06:10h,1.5m
25-10,11 - Sab,09:49h,0.5m
25-10,11 - Sab,13:01h,1.2m
25-10,11 - Sab,15:51h,0.7m
25-10,11 - Sab,18:34h,1.2m
25-10,11 - Sab,22:04h,0.2m
25-10,12 - Dom,01:34h,1.0m
25-10,12 - Dom,04:01h,0.7m
25-10,12 - Dom,07:12h,1.4m
25-10,12 - Dom,10:19h,0.7m
25-10,12 - Dom,13:44h,1.4m
25-10,12 - Dom,16:53h,0.7m
25-10,12 - Dom,19:34h,1.1m
25-10,12 - Dom,22:53h,0.3m
25-10,13 - Seg,02:06h,1.0m
25-10,13 - Seg,05:01h,0.5m
25-10,13 - Seg,08:21h,1.3m
25-10,13 - Seg,11:06h,0.9m
25-10,13 - Seg,14:23h,1.4m
25-10,13 - Seg,17:51h,0.6m
25-10,13 - Seg,20:46h,1.0m
25-10,13 - Seg,23:44h,0.5m
25-10,14 - Ter,02:46h,0.9m
25-10,14 - Ter,05:49h,0.4m
25-10,14 - Ter,09:40h,1.3m
25-10,14 - Ter,12:16h,1.0m
25-10,14 - Ter,15:06h,1.3m
25-10,14 - Ter,18:40h,0.6m
25-10,14 - Ter,21:53h,1.1m
25-10,15 - Qua,00:55h,0.7m
25-10,15 - Qua,03:06h,0.8m
25-10,15 - Qua,06:29h,0.3m
25-10,15 - Qua,10:51h,1.4m
25-10,15 - Qua,14:12h,1.0m
25-10,15 - Qua,15:55h,1.1m
25-10,15 - Qua,19:16h,0.6m
25-10,15 - Qua,22:55h,1.2m
25-10,16 - Qui,00:44h,0.7m
25-10,16 - Qui,03:16h,0.9m
25-10,16 - Qui,06:53h,0.3m
25-10,16 - Qui,11:16h,1.4m
25-10,16 - Qui,19:42h,0.6m
25-10,16 - Qui,23:14h,1.1m
25-10,17 - Sex,07:32h,0.4m
25-10,17 - Sex,12:34h,1.6m
25-10,17 - Sex,17:17h,0.5m
25-10,18 - Sab,00:29h,1.5m
25-10,18 - Sab,06:01h,0.3m
25-10,18 - Sab,13:17h,1.6m
25-10,18 - Sab,18:01h,0.3m
25-10,19 - Dom,01:06h,1.6m
25-10,19 - Dom,06:12h,0.2m
25-10,19 - Dom,14:04h,1.7m
25-10,19 - Dom,18:40h,0.1m
25-10,20 - Seg,01:46h,1.7m
25-10,20 - Seg,06:42h,0.1m
25-10,20 - Seg,14:49h,1.6m
25-10,20 - Seg,19:14h,-0.1m
25-10,21 - Ter,02:16h,1.7m
25-10,21 - Ter,07:08h,0.0m
25-10,21 - Ter,15:29h,1.6m
25-10,21 - Ter,19:55h,-0.1m
25-10,22 - Qua,02:55h,1.7m
25-10,22 - Qua,07:42h,0.0m
25-10,22 - Qua,16:08h,1.5m
25-10,22 - Qua,20:25h,-0.1m
25-10,23 - Qui,03:29h,1.7m
25-10,23 - Qui,08:08h,0.0m
25-10,23 - Qui,12:12h,1.1m
25-10,23 - Qui,16:49h,1.4m
25-10,23 - Qui,21:02h,0.0m
25-10,24 - Sex,04:06h,1.7m
25-10,24 - Sex,08:44h,0.1m
25-10,24 - Sex,12:40h,1.2m
25-10,24 - Sex,15:01h,1.0m
25-10,24 - Sex,17:25h,1.3m
25-10,24 - Sex,21:34h,0.1m
25-10,25 - Sab,04:51h,1.6m
25-10,25 - Sab,09:10h,0.2m
25-10,25 - Sab,13:06h,1.3m
25-10,25 - Sab,15:59h,1.0m
25-10,25 - Sab,18:04h,1.1m
25-10,25 - Sab,22:06h,0.2m
25-10,26 - Dom,05:38h,1.5m
25-10,26 - Dom,09:49h,0.3m
25-10,26 - Dom,13:40h,1.4m
25-10,26 - Dom,16:49h,0.9m
25-10,26 - Dom,19:01h,1.1m
25-10,26 - Dom,22:49h,0.4m
25-10,27 - Seg,06:27h,1.4m
25-10,27 - Seg,10:17h,0.4m
25-10,27 - Seg,14:04h,1.4m
25-10,27 - Seg,17:25h,0.8m
25-10,27 - Seg,19:59h,1.0m
25-10,27 - Seg,23:36h,0.5m
25-10,28 - Ter,07:19h,1.4m
25-10,28 - Ter,10:59h,0.6m
25-10,28 - Ter,14:31h,1.3m
25-10,28 - Ter,18:02h,0.7m
25-10,28 - Ter,20:59h,1.0m
25-10,29 - Qua,04:02h,0.6m
25-10,29 - Qua,08:16h,1.3m
25-10,29 - Qua,11:42h,0.8m
25-10,29 - Qua,14:49h,1.2m
25-10,29 - Qua,18:29h,0.6m
25-10,29 - Qua,22:01h,1.1m
25-10,30 - Qui,04:53h,0.4m
25-10,30 - Qui,09:12h,1.4m
25-10,30 - Qui,12:29h,0.9m
25-10,30 - Qui,15:01h,1.1m
25-10,30 - Qui,18:53h,0.5m
25-10,30 - Qui,22:57h,1.3m
25-10,31 - Sex,05:29h,0.2m
25-10,31 - Sex,10:08h,1.4m
25-10,31 - Sex,19:08h,0.5m
25-10,31 - Sex,23:47h,1.4m
25-11,01 - Sab,06:02h,0.1m
25-11,01 - Sab,11:08h,1.5m
25-11,01 - Sab,19:27h,0.4m
25-11,02 - Dom,00:29h,1.6m
25-11,02 - Dom,06:32h,0.0m
25-11,02 - Dom,12:12h,1.6m
25-11,02 - Dom,19:34h,0.4m
25-11,03 - Seg,01:12h,1.7m
25-11,03 - Seg,06:57h,0.0m
25-11,03 - Seg,13:12h,1.6m
25-11,03 - Seg,18:59h,0.4m
25-11,04 - Ter,01:59h,1.8m
25-11,04 - Ter,07:12h,0.1m
25-11,04 - Ter,14:06h,1.6m
25-11,04 - Ter,19:02h,0.3m
25-11,05 - Qua,02:44h,1.9m
25-11,05 - Qua,07:23h,0.2m
25-11,05 - Qua,15:01h,1.6m
25-11,05 - Qua,19:21h,0.2m
25-11,06 - Qui,03:27h,1.9m
25-11,06 - Qui,07:51h,0.3m
25-11,06 - Qui,11:53h,0.7m
25-11,06 - Qui,15:49h,1.5m
25-11,06 - Qui,19:59h,0.1m
25-11,06 - Qui,23:57h,0.7m
25-11,07 - Sex,04:14h,1.9m
25-11,07 - Sex,08:14h,0.4m
25-11,07 - Sex,11:12h,0.9m
25-11,07 - Sex,13:12h,0.7m
25-11,07 - Sex,16:36h,1.4m
25-11,07 - Sex,20:29h,0.1m
25-11,08 - Sab,01:02h,0.7m
25-11,08 - Sab,05:04h,1.8m
25-11,08 - Sab,08:55h,0.5m
25-11,08 - Sab,11:59h,1.1m
25-11,08 - Sab,14:25h,0.7m
25-11,08 - Sab,17:23h,1.3m
25-11,08 - Sab,21:08h,0.1m
25-11,09 - Dom,00:14h,0.8m
25-11,09 - Dom,02:10h,0.6m
25-11,09 - Dom,06:01h,1.6m
25-11,09 - Dom,09:31h,0.6m
25-11,09 - Dom,12:46h,1.3m
25-11,09 - Dom,15:31h,0.8m
25-11,09 - Dom,18:16h,1.2m
25-11,09 - Dom,21:57h,0.2m
25-11,10 - Seg,01:04h,0.8m
25-11,10 - Seg,03:17h,0.6m
25-11,10 - Seg,07:01h,1.5m
25-11,10 - Seg,10:14h,0.7m
25-11,10 - Seg,13:34h,1.4m
25-11,10 - Seg,16:32h,0.7m
25-11,10 - Seg,19:16h,1.1m
25-11,10 - Seg,22:47h,0.4m
25-11,11 - Ter,01:53h,0.8m
25-11,11 - Ter,04:19h,0.5m
25-11,11 - Ter,08:01h,1.4m
25-11,11 - Ter,11:06h,0.8m
25-11,11 - Ter,14:21h,1.3m
25-11,11 - Ter,17:29h,0.7m
25-11,11 - Ter,20:19h,1.1m
25-11,11 - Ter,23:46h,0.5m
25-11,12 - Qua,02:34h,0.8m
25-11,12 - Qua,05:16h,0.5m
25-11,12 - Qua,09:02h,1.3m
25-11,12 - Qua,12:10h,0.8m
25-11,12 - Qua,15:12h,1.2m
25-11,12 - Qua,18:17h,0.7m
25-11,12 - Qua,21:21h,1.2m
25-11,13 - Qui,00:53h,0.6m
25-11,13 - Qui,03:14h,0.8m
25-11,13 - Qui,06:06h,0.5m
25-11,13 - Qui,10:04h,1.3m
25-11,13 - Qui,13:34h,0.8m
25-11,13 - Qui,16:08h,1.1m
25-11,13 - Qui,19:01h,0.8m
25-11,13 - Qui,22:14h,1.3m
25-11,14 - Sex,02:06h,0.6m
25-11,14 - Sex,04:02h,0.7m
25-11,14 - Sex,06:57h,0.5m
25-11,14 - Sex,11:04h,1.4m
25-11,14 - Sex,15:04h,0.7m
25-11,14 - Sex,17:25h,0.9m
25-11,14 - Sex,19:16h,0.8m
25-11,14 - Sex,23:04h,1.4m
25-11,15 - Sab,03:40h,0.6m
25-11,15 - Sab,12:02h,1.4m
25-11,15 - Sab,16:27h,0.5m
25-11,15 - Sab,23:51h,1.4m
25-11,16 - Dom,07:04h,0.3m
25-11,16 - Dom,11:47h,1.5m
25-11,16 - Dom,19:46h,0.7m
25-11,16 - Dom,23:49h,1.3m
25-11,17 - Seg,00:29h,1.5m
25-11,17 - Seg,05:23h,0.3m
25-11,17 - Seg,13:40h,1.5m
25-11,17 - Seg,18:14h,0.2m
25-11,18 - Ter,01:06h,1.6m
25-11,18 - Ter,06:02h,0.3m
25-11,18 - Ter,14:19h,1.5m
25-11,18 - Ter,19:01h,0.0m
25-11,19 - Qua,01:49h,1.7m
25-11,19 - Qua,06:38h,0.2m
25-11,19 - Qua,15:02h,1.5m
25-11,19 - Qua,19:40h,0.0m
25-11,20 - Qui,02:27h,1.7m
25-11,20 - Qui,07:08h,0.2m
25-11,20 - Qui,12:04h,1.0m
25-11,20 - Qui,15:46h,1.4m
25-11,20 - Qui,20:14h,0.0m
25-11,21 - Sex,03:08h,1.7m
25-11,21 - Sex,07:49h,0.2m
25-11,21 - Sex,11:51h,1.1m
25-11,21 - Sex,13:23h,1.0m
25-11,21 - Sex,16:21h,1.3m
25-11,21 - Sex,20:53h,0.1m
25-11,22 - Sab,03:53h,1.7m
25-11,22 - Sab,08:17h,0.2m
25-11,22 - Sab,12:12h,1.2m
25-11,22 - Sab,14:25h,1.0m
25-11,22 - Sab,17:02h,1.3m
25-11,22 - Sab,21:27h,0.1m
25-11,23 - Dom,04:34h,1.7m
25-11,23 - Dom,08:57h,0.3m
25-11,23 - Dom,12:51h,1.3m
25-11,23 - Dom,15:19h,1.0m
25-11,23 - Dom,17:51h,1.2m
25-11,23 - Dom,22:06h,0.2m
25-11,24 - Seg,05:16h,1.6m
25-11,24 - Seg,09:29h,0.3m
25-11,24 - Seg,13:17h,1.3m
25-11,24 - Seg,16:08h,0.9m
25-11,24 - Seg,18:40h,1.1m
25-11,24 - Seg,22:53h,0.3m
25-11,25 - Ter,06:04h,1.6m
25-11,25 - Ter,10:04h,0.4m
25-11,25 - Ter,13:51h,1.3m
25-11,25 - Ter,16:55h,0.8m
25-11,25 - Ter,19:29h,1.1m
25-11,25 - Ter,23:46h,0.4m
25-11,26 - Qua,06:57h,1.5m
25-11,26 - Qua,10:47h,0.5m
25-11,26 - Qua,14:14h,1.2m
25-11,26 - Qua,17:25h,0.7m
25-11,26 - Qua,20:23h,1.1m
25-11,27 - Qui,01:23h,0.5m
25-11,27 - Qui,07:47h,1.4m
25-11,27 - Qui,11:21h,0.7m
25-11,27 - Qui,14:36h,1.2m
25-11,27 - Qui,17:59h,0.7m
25-11,27 - Qui,21:17h,1.2m
25-11,28 - Sex,04:01h,0.4m
25-11,28 - Sex,08:40h,1.4m
25-11,28 - Sex,12:06h,0.8m
25-11,28 - Sex,14:57h,1.1m
25-11,28 - Sex,18:21h,0.6m
25-11,28 - Sex,22:10h,1.3m
25-11,29 - Sab,04:55h,0.3m
25-11,29 - Sab,09:34h,1.4m
25-11,29 - Sab,13:06h,0.9m
25-11,29 - Sab,15:06h,1.0m
25-11,29 - Sab,18:51h,0.5m
25-11,29 - Sab,23:02h,1.4m
25-11,30 - Dom,05:40h,0.2m
25-11,30 - Dom,10:36h,1.4m
25-11,30 - Dom,19:12h,0.5m
25-11,30 - Dom,23:53h,1.5m
25-12,01 - Seg,06:19h,0.2m
25-12,01 - Seg,11:46h,1.4m
25-12,01 - Seg,19:44h,0.5m
25-12,02 - Ter,00:42h,1.7m
25-12,02 - Ter,06:51h,0.3m
25-12,02 - Ter,12:51h,1.5m
25-12,02 - Ter,20:19h,0.4m
25-12,03 - Qua,01:32h,1.8m
25-12,03 - Qua,07:04h,0.4m
25-12,03 - Qua,13:49h,1.5m
25-12,03 - Qua,18:42h,0.4m
25-12,04 - Qui,02:21h,1.9m
25-12,04 - Qui,07:06h,0.5m
25-12,04 - Qui,09:10h,0.6m
25-12,04 - Qui,14:40h,1.5m
25-12,04 - Qui,19:06h,0.3m
25-12,05 - Sex,03:12h,1.9m
25-12,05 - Sex,07:29h,0.5m
25-12,05 - Sex,09:59h,0.7m
25-12,05 - Sex,11:47h,0.6m
25-12,05 - Sex,15:27h,1.5m
25-12,05 - Sex,19:47h,0.2m
25-12,05 - Sex,22:08h,0.5m
25-12,05 - Sex,23:38h,0.4m
25-12,06 - Sab,04:04h,1.9m
25-12,06 - Sab,08:06h,0.6m
25-12,06 - Sab,10:53h,0.9m
25-12,06 - Sab,12:59h,0.7m
25-12,06 - Sab,16:14h,1.4m
25-12,06 - Sab,20:21h,0.2m
25-12,06 - Sab,23:02h,0.5m
25-12,07 - Dom,00:38h,0.4m
25-12,07 - Dom,04:59h,1.8m
25-12,07 - Dom,08:49h,0.6m
25-12,07 - Dom,11:49h,1.1m
25-12,07 - Dom,14:02h,0.8m
25-12,07 - Dom,17:04h,1.4m
25-12,07 - Dom,21:04h,0.2m
25-12,07 - Dom,23:57h,0.6m
25-12,08 - Seg,01:38h,0.5m
25-12,08 - Seg,05:49h,1.7m
25-12,08 - Seg,09:29h,0.6m
25-12,08 - Seg,12:46h,1.2m
25-12,08 - Seg,15:06h,0.9m
25-12,08 - Seg,17:59h,1.3m
25-12,08 - Seg,21:55h,0.2m
25-12,09 - Ter,00:51h,0.7m
25-12,09 - Ter,02:44h,0.5m
25-12,09 - Ter,06:42h,1.6m
25-12,09 - Ter,10:12h,0.5m
25-12,09 - Ter,13:40h,1.3m
25-12,09 - Ter,16:10h,0.9m
25-12,09 - Ter,18:55h,1.2m
25-12,09 - Ter,22:44h,0.3m
25-12,10 - Qua,01:46h,0.8m
25-12,10 - Qua,03:53h,0.6m
25-12,10 - Qua,07:32h,1.4m
25-12,10 - Qua,11:02h,0.5m
25-12,10 - Qua,14:29h,1.3m
25-12,10 - Qua,17:10h,0.9m
25-12,10 - Qua,19:53h,1.2m
25-12,10 - Qua,23:31h,0.4m
25-12,11 - Qui,02:36h,0.8m
25-12,11 - Qui,04:57h,0.6m
25-12,11 - Qui,08:23h,1.3m
25-12,11 - Qui,11:57h,0.5m
25-12,11 - Qui,15:17h,1.3m
25-12,11 - Qui,18:04h,0.9m
25-12,11 - Qui,20:51h,1.2m
25-12,12 - Sex,00:19h,0.4m
25-12,12 - Sex,03:23h,0.9m
25-12,12 - Sex,05:57h,0.6m
25-12,12 - Sex,09:19h,1.3m
25-12,12 - Sex,12:55h,0.6m
25-12,12 - Sex,16:10h,1.1m
25-12,12 - Sex,18:46h,0.9m
25-12,12 - Sex,21:42h,1.2m
25-12,13 - Sab,01:14h,0.5m
25-12,13 - Sab,04:16h,0.9m
25-12,13 - Sab,06:51h,0.7m
25-12,13 - Sab,10:17h,1.2m
25-12,13 - Sab,14:04h,0.6m
25-12,13 - Sab,17:06h,1.0m
25-12,13 - Sab,19:02h,0.9m
25-12,13 - Sab,22:25h,1.3m
25-12,14 - Dom,02:17h,0.6m
25-12,14 - Dom,05:16h,0.8m
25-12,14 - Dom,07:42h,0.7m
25-12,14 - Dom,11:21h,1.2m
25-12,14 - Dom,15:36h,0.6m
25-12,14 - Dom,23:08h,1.4m
25-12,15 - Seg,03:27h,0.6m
25-12,15 - Seg,06:25h,0.8m
25-12,15 - Seg,08:27h,0.7m
25-12,15 - Seg,12:21h,1.3m
25-12,15 - Seg,17:06h,0.5m
25-12,15 - Seg,23:55h,1.5m
25-12,16 - Ter,04:31h,0.6m
25-12,16 - Ter,07:47h,0.8m
25-12,16 - Ter,13:12h,1.3m
25-12,16 - Ter,18:10h,0.3m
25-12,17 - Qua,00:38h,1.5m
25-12,17 - Qua,05:21h,0.5m
25-12,17 - Qua,09:55h,0.8m
25-12,17 - Qua,14:01h,1.4m
25-12,17 - Qua,19:01h,0.2m
25-12,18 - Qui,01:19h,1.6m
25-12,18 - Qui,06:06h,0.4m
25-12,18 - Qui,14:44h,1.4m
25-12,18 - Qui,19:42h,0.1m
25-12,19 - Sex,02:06h,1.7m
25-12,19 - Sex,06:53h,0.4m
25-12,19 - Sex,15:21h,1.4m
25-12,19 - Sex,20:16h,0.0m
25-12,20 - Sab,02:53h,1.7m
25-12,20 - Sab,07:29h,0.4m
25-12,20 - Sab,11:23h,1.0m
25-12,20 - Sab,16:02h,1.4m
25-12,20 - Sab,20:55h,0.0m
25-12,21 - Dom,03:34h,1.8m
25-12,21 - Dom,08:06h,0.3m
25-12,21 - Dom,12:02h,1.1m
25-12,21 - Dom,13:44h,1.0m
25-12,21 - Dom,16:47h,1.4m
25-12,21 - Dom,21:27h,0.1m
25-12,22 - Seg,04:16h,1.7m
25-12,22 - Seg,08:49h,0.3m
25-12,22 - Seg,12:36h,1.1m
25-12,22 - Seg,14:36h,1.0m
25-12,22 - Seg,17:25h,1.3m
25-12,22 - Seg,22:04h,0.1m
25-12,23 - Ter,05:02h,1.7m
25-12,23 - Ter,09:19h,0.3m
25-12,23 - Ter,13:06h,1.2m
25-12,23 - Ter,15:19h,1.0m
25-12,23 - Ter,18:08h,1.3m
25-12,23 - Ter,22:42h,0.2m
25-12,24 - Qua,05:49h,1.7m
25-12,24 - Qua,09:59h,0.3m
25-12,24 - Qua,13:44h,1.2m
25-12,24 - Qua,16:06h,0.9m
25-12,24 - Qua,19:01h,1.3m
25-12,24 - Qua,23:21h,0.3m
25-12,25 - Qui,06:32h,1.6m
25-12,25 - Qui,10:34h,0.4m
25-12,25 - Qui,14:08h,1.2m
25-12,25 - Qui,16:55h,0.9m
25-12,25 - Qui,19:51h,1.2m
25-12,26 - Sex,00:10h,0.4m
25-12,26 - Sex,07:16h,1.5m
25-12,26 - Sex,11:06h,0.5m
25-12,26 - Sex,14:36h,1.1m
25-12,26 - Sex,17:25h,0.8m
25-12,26 - Sex,20:40h,1.3m
25-12,27 - Sab,01:23h,0.5m
25-12,27 - Sab,08:06h,1.4m
25-12,27 - Sab,11:51h,0.6m
25-12,27 - Sab,15:01h,1.1m
25-12,27 - Sab,18:02h,0.7m
25-12,27 - Sab,21:27h,1.3m
25-12,28 - Dom,04:44h,0.5m
25-12,28 - Dom,09:02h,1.3m
25-12,28 - Dom,12:32h,0.7m
25-12,28 - Dom,15:25h,1.0m
25-12,28 - Dom,18:34h,0.6m
25-12,28 - Dom,22:21h,1.4m
25-12,29 - Seg,05:51h,0.5m
25-12,29 - Seg,10:04h,1.2m
25-12,29 - Seg,13:32h,0.8m
25-12,29 - Seg,15:53h,0.9m
25-12,29 - Seg,19:06h,0.5m
25-12,29 - Seg,23:19h,1.5m
25-12,30 - Ter,06:53h,0.4m
25-12,30 - Ter,11:19h,1.2m
25-12,30 - Ter,19:49h,0.4m
25-12,31 - Qua,00:19h,1.6m
25-12,31 - Qua,07:59h,0.5m
25-12,31 - Qua,12:31h,1.3m
25-12,31 - Qua,20:29h,0.3m
